• Packages in scope: @medusajs/admin-bundler, @medusajs/admin-sdk, @medusajs/admin-shared, @medusajs/admin-vite-plugin, @medusajs/analytics, @medusajs/analytics-local, @medusajs/analytics-posthog, @medusajs/api-key, @medusajs/auth, @medusajs/auth-emailpass, @medusajs/auth-github, @medusajs/auth-google, @medusajs/cache-inmemory, @medusajs/cache-redis, @medusajs/caching, @medusajs/caching-redis, @medusajs/cart, @medusajs/cli, @medusajs/core-flows, @medusajs/currency, @medusajs/customer, @medusajs/dashboard, @medusajs/deps, @medusajs/draft-order, @medusajs/eslint-plugin, @medusajs/event-bus-local, @medusajs/event-bus-redis, @medusajs/file, @medusajs/file-local, @medusajs/file-s3, @medusajs/framework, @medusajs/fulfillment, @medusajs/fulfillment-manual, @medusajs/http-types-generator, @medusajs/icons, @medusajs/index, @medusajs/inventory, @medusajs/js-sdk, @medusajs/link-modules, @medusajs/locking, @medusajs/locking-postgres, @medusajs/locking-redis, @medusajs/loyalty-plugin, @medusajs/medusa, @medusajs/medusa-oas-cli, @medusajs/modules-sdk, @medusajs/notification, @medusajs/notification-local, @medusajs/notification-sendgrid, @medusajs/oas-github-ci, @medusajs/orchestration, @medusajs/order, @medusajs/payment, @medusajs/payment-stripe, @medusajs/pricing, @medusajs/product, @medusajs/promotion, @medusajs/rbac, @medusajs/region, @medusajs/sales-channel, @medusajs/settings, @medusajs/stock-location, @medusajs/store, @medusajs/tax, @medusajs/telemetry, @medusajs/test-utils, @medusajs/toolbox, @medusajs/translation, @medusajs/types, @medusajs/ui, @medusajs/ui-preset, @medusajs/user, @medusajs/utils, @medusajs/workflow-engine-inmemory, @medusajs/workflow-engine-redis, @medusajs/workflows-sdk, create-medusa-app, integration-tests-api, integration-tests-http, integration-tests-modules, medusa-dev-cli
• Running build in 81 packages
• Remote caching disabled
@medusajs/toolbox:build: cache hit, replaying logs 474fb67b93e5d094
@medusajs/toolbox:build: [34mCLI[39m Building entry: src/index.ts
@medusajs/toolbox:build: [34mCLI[39m Using tsconfig: tsconfig.json
@medusajs/toolbox:build: [34mCLI[39m tsup v8.5.1
@medusajs/toolbox:build: [34mCLI[39m Using tsup config: /home/abhishek/oss/medusa/packages/design-system/toolbox/tsup.config.ts
@medusajs/toolbox:build: [34mCLI[39m Target: node16
@medusajs/toolbox:build: [34mCLI[39m Cleaning output folder
@medusajs/toolbox:build: [34mESM[39m Build start
@medusajs/toolbox:build: [34mCJS[39m Build start
@medusajs/toolbox:build: [32mESM[39m [1mdist/index.mjs     [22m[32m28.47 KB[39m
@medusajs/toolbox:build: [32mESM[39m [1mdist/index.mjs.map [22m[32m62.51 KB[39m
@medusajs/toolbox:build: [32mESM[39m ⚡️ Build success in 382ms
@medusajs/toolbox:build: [32mCJS[39m [1mdist/index.js     [22m[32m30.64 KB[39m
@medusajs/toolbox:build: [32mCJS[39m [1mdist/index.js.map [22m[32m62.82 KB[39m
@medusajs/toolbox:build: [32mCJS[39m ⚡️ Build success in 394ms
@medusajs/toolbox:build: DTS Build start
@medusajs/toolbox:build: DTS ⚡️ Build success in 14540ms
@medusajs/toolbox:build: DTS dist/index.d.mts 13.00 B
@medusajs/toolbox:build: DTS dist/index.d.ts  13.00 B
@medusajs/telemetry:build: cache hit, replaying logs 53dd98bafb63c832
@medusajs/telemetry:build: 
@medusajs/admin-shared:build: cache hit, replaying logs bd56e700b9ee8697
@medusajs/admin-shared:build: [34mCLI[39m Building entry: src/index.ts
@medusajs/admin-shared:build: [34mCLI[39m Using tsconfig: tsconfig.json
@medusajs/admin-shared:build: [34mCLI[39m tsup v8.5.1
@medusajs/admin-shared:build: [34mCLI[39m Using tsup config: /home/abhishek/oss/medusa/packages/admin/admin-shared/tsup.config.cjs
@medusajs/admin-shared:build: [34mCLI[39m Target: es2020
@medusajs/admin-shared:build: [34mCLI[39m Cleaning output folder
@medusajs/admin-shared:build: [34mCJS[39m Build start
@medusajs/admin-shared:build: [34mESM[39m Build start
@medusajs/admin-shared:build: [32mCJS[39m [1mdist/index.js [22m[32m16.72 KB[39m
@medusajs/admin-shared:build: [32mCJS[39m ⚡️ Build success in 176ms
@medusajs/admin-shared:build: [32mESM[39m [1mdist/index.mjs [22m[32m13.87 KB[39m
@medusajs/admin-shared:build: [32mESM[39m ⚡️ Build success in 178ms
@medusajs/admin-shared:build: DTS Build start
@medusajs/admin-shared:build: DTS ⚡️ Build success in 13517ms
@medusajs/admin-shared:build: DTS dist/index.d.ts  12.78 KB
@medusajs/admin-shared:build: DTS dist/index.d.mts 12.78 KB
@medusajs/ui-preset:build: cache hit, replaying logs b75304323c0e5598
@medusajs/ui-preset:build: [34mCLI[39m Building entry: src/index.ts
@medusajs/ui-preset:build: [34mCLI[39m Using tsconfig: tsconfig.json
@medusajs/ui-preset:build: [34mCLI[39m tsup v8.5.1
@medusajs/ui-preset:build: [34mCLI[39m Using tsup config: /home/abhishek/oss/medusa/packages/design-system/ui-preset/tsup.config.ts
@medusajs/ui-preset:build: [34mCLI[39m Target: node16
@medusajs/ui-preset:build: [34mCLI[39m Cleaning output folder
@medusajs/ui-preset:build: [34mCJS[39m Build start
@medusajs/ui-preset:build: [34mESM[39m Build start
@medusajs/ui-preset:build: [32mCJS[39m [1mdist/index.js [22m[32m42.09 KB[39m
@medusajs/ui-preset:build: [32mCJS[39m ⚡️ Build success in 84ms
@medusajs/ui-preset:build: [32mESM[39m [1mdist/index.mjs [22m[32m46.08 KB[39m
@medusajs/ui-preset:build: [32mESM[39m ⚡️ Build success in 84ms
@medusajs/ui-preset:build: DTS Build start
@medusajs/ui-preset:build: DTS ⚡️ Build success in 9220ms
@medusajs/ui-preset:build: DTS dist/index.d.ts  13.00 B
@medusajs/ui-preset:build: DTS dist/index.d.mts 13.00 B
@medusajs/admin-sdk:build: cache hit, replaying logs 1e3ef8ab3260bf5e
@medusajs/deps:build: cache hit, replaying logs f6a159aa21123616
@medusajs/admin-sdk:build: [34mCLI[39m Building entry: src/index.ts
@medusajs/admin-sdk:build: [34mCLI[39m Using tsconfig: tsconfig.json
@medusajs/deps:build: 
@medusajs/admin-sdk:build: [34mCLI[39m tsup v8.5.1
@medusajs/admin-sdk:build: [34mCLI[39m Using tsup config: /home/abhishek/oss/medusa/packages/admin/admin-sdk/tsup.config.cjs
@medusajs/admin-sdk:build: [34mCLI[39m Target: es2020
@medusajs/admin-sdk:build: [34mCLI[39m Cleaning output folder
@medusajs/admin-sdk:build: [34mCJS[39m Build start
@medusajs/admin-sdk:build: [34mESM[39m Build start
@medusajs/admin-sdk:build: [32mCJS[39m [1mdist/index.js [22m[32m1.85 KB[39m
@medusajs/admin-sdk:build: [32mCJS[39m ⚡️ Build success in 64ms
@medusajs/admin-sdk:build: [32mESM[39m [1mdist/index.mjs [22m[32m754.00 B[39m
@medusajs/admin-sdk:build: [32mESM[39m ⚡️ Build success in 64ms
@medusajs/admin-sdk:build: DTS Build start
@medusajs/admin-sdk:build: DTS ⚡️ Build success in 9699ms
@medusajs/admin-sdk:build: DTS dist/index.d.ts  2.86 KB
@medusajs/admin-sdk:build: DTS dist/index.d.mts 2.86 KB
medusa-dev-cli:build: cache hit, replaying logs fc797fa9cd5bfb00
medusa-dev-cli:build: 
@medusajs/admin-vite-plugin:build: cache hit, replaying logs fb37b05e3bb71a35
@medusajs/admin-vite-plugin:build: [34mCLI[39m Building entry: src/index.ts
@medusajs/admin-vite-plugin:build: [34mCLI[39m Using tsconfig: tsconfig.build.json
@medusajs/admin-vite-plugin:build: [34mCLI[39m tsup v8.5.1
@medusajs/admin-vite-plugin:build: [34mCLI[39m Using tsup config: /home/abhishek/oss/medusa/packages/admin/admin-vite-plugin/tsup.config.ts
@medusajs/admin-vite-plugin:build: [34mCLI[39m Target: es2020
@medusajs/admin-vite-plugin:build: [34mCLI[39m Cleaning output folder
@medusajs/admin-vite-plugin:build: [34mCJS[39m Build start
@medusajs/admin-vite-plugin:build: [34mESM[39m Build start
@medusajs/admin-vite-plugin:build: [32mCJS[39m [1mdist/index.js [22m[32m75.19 KB[39m
@medusajs/admin-vite-plugin:build: [32mCJS[39m ⚡️ Build success in 318ms
@medusajs/admin-vite-plugin:build: [32mESM[39m [1mdist/index.mjs [22m[32m70.21 KB[39m
@medusajs/admin-vite-plugin:build: [32mESM[39m ⚡️ Build success in 330ms
@medusajs/admin-vite-plugin:build: DTS Build start
@medusajs/admin-vite-plugin:build: DTS ⚡️ Build success in 12977ms
@medusajs/admin-vite-plugin:build: DTS dist/index.d.ts  309.00 B
@medusajs/admin-vite-plugin:build: DTS dist/index.d.mts 309.00 B
create-medusa-app:build: cache hit, replaying logs 86d2b0e1a11ed6a3
create-medusa-app:build: 
@medusajs/http-types-generator:build: cache hit, replaying logs f142f5ca0795f922
@medusajs/http-types-generator:build: 
@medusajs/eslint-plugin:build: cache hit, replaying logs 96b04560c4b0b057
@medusajs/eslint-plugin:build: 
@medusajs/icons:build: cache hit, replaying logs 56f6f62a793f207f
@medusajs/icons:build: [36m
@medusajs/icons:build: [1msrc/components/index.ts[22m → [1mdist/umd/medusa-icons.min.js[22m...[39m
@medusajs/icons:build: [0m
@medusajs/icons:build: FILE                 GZIP      BROTLI   
@medusajs/icons:build: [32mmedusa-icons.min.js  107.23KB  74.84KB  
@medusajs/icons:build: [0m
@medusajs/icons:build: [1m[33m(!) [plugin visualizer] rollup output configuration missing sourcemap = true. You should add output.sourcemap = true or disable sourcemap in this plugin[39m[22m
@medusajs/icons:build: [1m[33m(!) [plugin visualizer] medusa-icons.min.js missing source map[39m[22m
@medusajs/icons:build: [32mcreated [1mdist/umd/medusa-icons.min.js[22m in [1m9.8s[22m[39m
@medusajs/icons:build: [36m
@medusajs/icons:build: [1msrc/components/index.ts[22m → [1mdist/cjs/medusa-icons.js[22m...[39m
@medusajs/icons:build: [0m
@medusajs/icons:build: FILE             GZIP      BROTLI   
@medusajs/icons:build: [32mmedusa-icons.js  116.04KB  76.90KB  
@medusajs/icons:build: [0m
@medusajs/icons:build: [1m[33m(!) [plugin visualizer] rollup output configuration missing sourcemap = true. You should add output.sourcemap = true or disable sourcemap in this plugin[39m[22m
@medusajs/icons:build: [1m[33m(!) [plugin visualizer] medusa-icons.js missing source map[39m[22m
@medusajs/icons:build: [32mcreated [1mdist/cjs/medusa-icons.js[22m in [1m9s[22m[39m
@medusajs/icons:build: [36m
@medusajs/icons:build: [1msrc/components/index.ts[22m → [1mdist/esm[22m...[39m
@medusajs/icons:build: [0m
@medusajs/icons:build: FILES                               GZIP      BROTLI    
@medusajs/icons:build: [32mindex.js                            4.50KB    4.02KB    
@medusajs/icons:build: [32mWIP.js                              0.90KB    0.78KB    
@medusajs/icons:build: [32macademic-cap-solid.js               1.10KB    0.96KB    
@medusajs/icons:build: [32macademic-cap.js                     1.00KB    0.88KB    
@medusajs/icons:build: [32madjustments-done.js                 1.10KB    0.96KB    
@medusajs/icons:build: [32madjustments.js                      0.93KB    0.81KB    
@medusajs/icons:build: [32mai-assistent-luminosity.js          1.90KB    1.64KB    
@medusajs/icons:build: [32mai-assistent.js                     1.86KB    1.60KB    
@medusajs/icons:build: [32mamazon.js                           1.55KB    1.35KB    
@medusajs/icons:build: [32mapple.js                            1.32KB    1.14KB    
@medusajs/icons:build: [32marchive-box.js                      0.98KB    0.86KB    
@medusajs/icons:build: [32marrow-down-circle.js                0.92KB    0.81KB    
@medusajs/icons:build: [32marrow-down-left-mini.js             0.85KB    0.73KB    
@medusajs/icons:build: [32marrow-down-left.js                  0.84KB    0.73KB    
@medusajs/icons:build: [32marrow-down-mini.js                  0.81KB    0.70KB    
@medusajs/icons:build: [32marrow-down-right-mini.js            0.84KB    0.73KB    
@medusajs/icons:build: [32marrow-down-tray.js                  0.86KB    0.75KB    
@medusajs/icons:build: [32marrow-down.js                       0.82KB    0.70KB    
@medusajs/icons:build: [32marrow-left-mini.js                  0.81KB    0.70KB    
@medusajs/icons:build: [32marrow-left.js                       0.81KB    0.69KB    
@medusajs/icons:build: [32marrow-long-down.js                  0.81KB    0.70KB    
@medusajs/icons:build: [32marrow-long-left.js                  0.81KB    0.70KB    
@medusajs/icons:build: [32marrow-long-right.js                 0.81KB    0.70KB    
@medusajs/icons:build: [32marrow-long-up.js                    0.82KB    0.70KB    
@medusajs/icons:build: [32marrow-path-mini.js                  0.95KB    0.83KB    
@medusajs/icons:build: [32marrow-path.js                       0.95KB    0.83KB    
@medusajs/icons:build: [32marrow-right-down.js                 0.84KB    0.73KB    
@medusajs/icons:build: [32marrow-right-mini.js                 0.81KB    0.70KB    
@medusajs/icons:build: [32marrow-right-on-rectangle.js         0.87KB    0.76KB    
@medusajs/icons:build: [32marrow-right.js                      0.81KB    0.69KB    
@medusajs/icons:build: [32marrow-turn-up.js                    0.84KB    0.74KB    
@medusajs/icons:build: [32marrow-up-circle-solid.js            0.98KB    0.86KB    
@medusajs/icons:build: [32marrow-up-down.js                    0.84KB    0.73KB    
@medusajs/icons:build: [32marrow-up-mini.js                    0.81KB    0.69KB    
@medusajs/icons:build: [32marrow-up-right-micro.js             0.82KB    0.71KB    
@medusajs/icons:build: [32marrow-up-right-mini.js              0.82KB    0.70KB    
@medusajs/icons:build: [32marrow-up-right-on-box.js            0.88KB    0.77KB    
@medusajs/icons:build: [32marrow-up-tray.js                    0.86KB    0.75KB    
@medusajs/icons:build: [32marrow-uturn-left.js                 0.91KB    0.80KB    
@medusajs/icons:build: [32marrows-pointing-out-mini.js         0.82KB    0.71KB    
@medusajs/icons:build: [32marrows-pointing-out.js              0.82KB    0.71KB    
@medusajs/icons:build: [32marrows-reduce-diagonal.js           0.82KB    0.71KB    
@medusajs/icons:build: [32mastro.js                            1.16KB    1.02KB    
@medusajs/icons:build: [32mat-symbol.js                        1.04KB    0.90KB    
@medusajs/icons:build: [32mbackward-solid.js                   0.94KB    0.83KB    
@medusajs/icons:build: [32mbadge-check.js                      0.98KB    0.85KB    
@medusajs/icons:build: [32mbars-arrow-down.js                  0.84KB    0.73KB    
@medusajs/icons:build: [32mbars-three.js                       0.80KB    0.68KB    
@medusajs/icons:build: [32mbeaker.js                           0.86KB    0.74KB    
@medusajs/icons:build: [32mbell-alert-done.js                  1.15KB    1.00KB    
@medusajs/icons:build: [32mbell-alert-solid.js                 0.92KB    0.79KB    
@medusajs/icons:build: [32mbell-alert.js                       0.97KB    0.84KB    
@medusajs/icons:build: [32mbloom-badge.js                      1.25KB    1.09KB    
@medusajs/icons:build: [32mbloom.js                            0.89KB    0.79KB    
@medusajs/icons:build: [32mbolt-solid.js                       0.91KB    0.78KB    
@medusajs/icons:build: [32mbolt.js                             0.88KB    0.77KB    
@medusajs/icons:build: [32mbook-open.js                        1.06KB    0.92KB    
@medusajs/icons:build: [32mbook.js                             0.90KB    0.79KB    
@medusajs/icons:build: [32mbookmarks.js                        0.89KB    0.77KB    
@medusajs/icons:build: [32mbottom-to-top.js                    0.92KB    0.80KB    
@medusajs/icons:build: [32mbrackets.js                         0.98KB    0.88KB    
@medusajs/icons:build: [32mbroom-sparkle-solid.js              1.25KB    1.10KB    
@medusajs/icons:build: [32mbroom-sparkle.js                    1.32KB    1.17KB    
@medusajs/icons:build: [32mbug-ant-solid.js                    1.14KB    0.99KB    
@medusajs/icons:build: [32mbug.js                              1.02KB    0.90KB    
@medusajs/icons:build: [32mbuilding-storefront.js              1.04KB    0.91KB    
@medusajs/icons:build: [32mbuilding-tax.js                     1.34KB    1.17KB    
@medusajs/icons:build: [32mbuildings-mini.js                   0.99KB    0.86KB    
@medusajs/icons:build: [32mbuildings-solid.js                  1.09KB    0.94KB    
@medusajs/icons:build: [32mbuildings.js                        0.99KB    0.85KB    
@medusajs/icons:build: [32mbutton.js                           0.92KB    0.80KB    
@medusajs/icons:build: [32mcalendar-mini.js                    1.08KB    0.95KB    
@medusajs/icons:build: [32mcalendar-solid.js                   1.02KB    0.90KB    
@medusajs/icons:build: [32mcalendar.js                         1.07KB    0.94KB    
@medusajs/icons:build: [32mcamera.js                           1.15KB    1.01KB    
@medusajs/icons:build: [32mcard-sparkle.js                     0.90KB    0.79KB    
@medusajs/icons:build: [32mcaret-maximize-diagonal.js          0.88KB    0.76KB    
@medusajs/icons:build: [32mcaret-minimize-diagonal.js          0.89KB    0.77KB    
@medusajs/icons:build: [32mcash-solid.js                       1.25KB    1.07KB    
@medusajs/icons:build: [32mcash.js                             1.11KB    0.96KB    
@medusajs/icons:build: [32mchannels-solid.js                   0.97KB    0.85KB    
@medusajs/icons:build: [32mchannels.js                         0.96KB    0.83KB    
@medusajs/icons:build: [32mchart-activity.js                   0.88KB    0.75KB    
@medusajs/icons:build: [32mchart-bar.js                        1.03KB    0.90KB    
@medusajs/icons:build: [32mchart-pie.js                        0.91KB    0.80KB    
@medusajs/icons:build: [32mchat-bubble-left-right-solid.js     1.14KB    0.99KB    
@medusajs/icons:build: [32mchat-bubble-left-right.js           1.03KB    0.89KB    
@medusajs/icons:build: [32mchat-bubble.js                      1.08KB    0.95KB    
@medusajs/icons:build: [32mcheck-circle-mini-solid.js          0.98KB    0.85KB    
@medusajs/icons:build: [32mcheck-circle-solid.js               0.97KB    0.85KB    
@medusajs/icons:build: [32mcheck-circle.js                     0.84KB    0.73KB    
@medusajs/icons:build: [32mcheck-mini.js                       0.80KB    0.69KB    
@medusajs/icons:build: [32mcheck.js                            0.80KB    0.69KB    
@medusajs/icons:build: [32mchef-hat.js                         0.95KB    0.85KB    
@medusajs/icons:build: [32mchevron-double-left-mini-solid.js   0.83KB    0.71KB    
@medusajs/icons:build: [32mchevron-double-left.js              0.82KB    0.71KB    
@medusajs/icons:build: [32mchevron-double-right-mini-solid.js  0.83KB    0.71KB    
@medusajs/icons:build: [32mchevron-double-right.js             0.82KB    0.71KB    
@medusajs/icons:build: [32mchevron-down-mini.js                0.91KB    0.80KB    
@medusajs/icons:build: [32mchevron-down.js                     0.80KB    0.69KB    
@medusajs/icons:build: [32mchevron-left-mini.js                0.80KB    0.68KB    
@medusajs/icons:build: [32mchevron-left.js                     0.79KB    0.68KB    
@medusajs/icons:build: [32mchevron-right-mini.js               0.80KB    0.68KB    
@medusajs/icons:build: [32mchevron-right.js                    0.79KB    0.68KB    
@medusajs/icons:build: [32mchevron-up-down.js                  0.99KB    0.85KB    
@medusajs/icons:build: [32mchevron-up-mini.js                  0.81KB    0.70KB    
@medusajs/icons:build: [32mcircle-arrow-up.js                  0.85KB    0.74KB    
@medusajs/icons:build: [32mcircle-check-solid.js               0.88KB    0.76KB    
@medusajs/icons:build: [32mcircle-dotted-line.js               1.01KB    0.89KB    
@medusajs/icons:build: [32mcircle-filled-solid.js              0.87KB    0.77KB    
@medusajs/icons:build: [32mcircle-half-dotted-clock.js         1.00KB    0.87KB    
@medusajs/icons:build: [32mcircle-half-solid.js                0.89KB    0.77KB    
@medusajs/icons:build: [32mcircle-info-solid.js                0.85KB    0.74KB    
@medusajs/icons:build: [32mcircle-mini-filled-solid.js         0.88KB    0.76KB    
@medusajs/icons:build: [32mcircle-mini-solid.js                0.90KB    0.79KB    
@medusajs/icons:build: [32mcircle-minus-solid.js               0.83KB    0.72KB    
@medusajs/icons:build: [32mcircle-plus.js                      0.85KB    0.74KB    
@medusajs/icons:build: [32mcircle-quarter-solid.js             0.89KB    0.78KB    
@medusajs/icons:build: [32mcircle-sliders.js                   0.86KB    0.75KB    
@medusajs/icons:build: [32mcircle-solid.js                     0.90KB    0.79KB    
@medusajs/icons:build: [32mcircle-stack-solid.js               0.96KB    0.83KB    
@medusajs/icons:build: [32mcircle-stack.js                     0.88KB    0.77KB    
@medusajs/icons:build: [32mcircle-three-quarters-solid.js      0.96KB    0.84KB    
@medusajs/icons:build: [32mcircle-warning-solid.js             0.85KB    0.74KB    
@medusajs/icons:build: [32mcircle-xmark-solid.js               0.87KB    0.76KB    
@medusajs/icons:build: [32mclock-changed-solid-mini.js         1.10KB    0.94KB    
@medusajs/icons:build: [32mclock-solid-mini.js                 1.09KB    0.96KB    
@medusajs/icons:build: [32mclock-solid.js                      0.85KB    0.74KB    
@medusajs/icons:build: [32mclock.js                            0.95KB    0.83KB    
@medusajs/icons:build: [32mclone-dashed.js                     0.92KB    0.81KB    
@medusajs/icons:build: [32mcloud-arrow-down.js                 1.02KB    0.89KB    
@medusajs/icons:build: [32mcloud-arrow-up.js                   0.98KB    0.87KB    
@medusajs/icons:build: [32mcloud-solid.js                      0.93KB    0.79KB    
@medusajs/icons:build: [32mcode-branch.js                      0.88KB    0.76KB    
@medusajs/icons:build: [32mcode-commit.js                      0.83KB    0.71KB    
@medusajs/icons:build: [32mcode-compare.js                     0.92KB    0.80KB    
@medusajs/icons:build: [32mcode-editor.js                      0.92KB    0.79KB    
@medusajs/icons:build: [32mcode-merge.js                       0.85KB    0.73KB    
@medusajs/icons:build: [32mcode-pull-request.js                0.89KB    0.77KB    
@medusajs/icons:build: [32mcode.js                             0.89KB    0.78KB    
@medusajs/icons:build: [32mcog-six-tooth-solid.js              1.21KB    1.04KB    
@medusajs/icons:build: [32mcog-six-tooth.js                    1.20KB    1.04KB    
@medusajs/icons:build: [32mcollapse.js                         0.81KB    0.69KB    
@medusajs/icons:build: [32mcommand-line-solid.js               0.91KB    0.79KB    
@medusajs/icons:build: [32mcommand-line.js                     0.89KB    0.78KB    
@medusajs/icons:build: [32mcomponent-solid.js                  0.98KB    0.85KB    
@medusajs/icons:build: [32mcomponent.js                        0.92KB    0.80KB    
@medusajs/icons:build: [32mcomputer-desktop-solid.js           1.05KB    0.90KB    
@medusajs/icons:build: [32mcomputer-desktop.js                 0.97KB    0.85KB    
@medusajs/icons:build: [32mcontentful.js                       1.36KB    1.17KB    
@medusajs/icons:build: [32mcredit-card-refresh.js              0.93KB    0.80KB    
@medusajs/icons:build: [32mcredit-card-solid.js                0.94KB    0.82KB    
@medusajs/icons:build: [32mcredit-card.js                      0.96KB    0.84KB    
@medusajs/icons:build: [32mcube-solid.js                       1.05KB    0.90KB    
@medusajs/icons:build: [32mcurrency-dollar-solid.js            1.21KB    1.03KB    
@medusajs/icons:build: [32mcurrency-dollar.js                  1.03KB    0.89KB    
@medusajs/icons:build: [32mcursor-arrow-rays.js                1.03KB    0.90KB    
@medusajs/icons:build: [32mcursor-default-solid.js             0.87KB    0.74KB    
@medusajs/icons:build: [32mcursor-default.js                   0.85KB    0.73KB    
@medusajs/icons:build: [32mdecision-process.js                 0.94KB    0.81KB    
@medusajs/icons:build: [32mdescending-sorting.js               0.84KB    0.73KB    
@medusajs/icons:build: [32mdirections.js                       0.92KB    0.79KB    
@medusajs/icons:build: [32mdiscord.js                          1.03KB    0.90KB    
@medusajs/icons:build: [32mdocument-series.js                  0.97KB    0.83KB    
@medusajs/icons:build: [32mdocument-text-solid.js              0.96KB    0.83KB    
@medusajs/icons:build: [32mdocument-text.js                    0.94KB    0.81KB    
@medusajs/icons:build: [32mdots-six.js                         0.83KB    0.71KB    
@medusajs/icons:build: [32mdraft orders.js                     1.24KB    1.08KB    
@medusajs/icons:build: [32mdrop-cap.js                         0.86KB    0.74KB    
@medusajs/icons:build: [32mellipse-blue-solid.js               1.25KB    1.11KB    
@medusajs/icons:build: [32mellipse-green-solid.js              1.25KB    1.11KB    
@medusajs/icons:build: [32mellipse-grey-solid.js               1.25KB    1.11KB    
@medusajs/icons:build: [32mellipse-mini-solid.js               0.75KB    0.64KB    
@medusajs/icons:build: [32mellipse-orange-solid.js             1.25KB    1.11KB    
@medusajs/icons:build: [32mellipse-purple-solid.js             1.25KB    1.11KB    
@medusajs/icons:build: [32mellipse-red-solid.js                1.25KB    1.11KB    
@medusajs/icons:build: [32mellipse-solid.js                    0.82KB    0.71KB    
@medusajs/icons:build: [32mellipsis-horizontal.js              0.82KB    0.70KB    
@medusajs/icons:build: [32mellipsis-vertical.js                0.82KB    0.71KB    
@medusajs/icons:build: [32menvelope-content.js                 0.92KB    0.81KB    
@medusajs/icons:build: [32menvelope-solid.js                   0.94KB    0.82KB    
@medusajs/icons:build: [32menvelope.js                         0.97KB    0.86KB    
@medusajs/icons:build: [32mequals.js                           0.79KB    0.68KB    
@medusajs/icons:build: [32mexclamation-circle-solid.js         0.93KB    0.81KB    
@medusajs/icons:build: [32mexclamation-circle.js               0.94KB    0.82KB    
@medusajs/icons:build: [32mexpand.js                           0.87KB    0.76KB    
@medusajs/icons:build: [32meye-mini.js                         0.98KB    0.86KB    
@medusajs/icons:build: [32meye-slash-mini.js                   1.07KB    0.96KB    
@medusajs/icons:build: [32meye-slash.js                        1.06KB    0.91KB    
@medusajs/icons:build: [32meye.js                              0.98KB    0.87KB    
@medusajs/icons:build: [32mface-crossed-out-eyes.js            0.93KB    0.80KB    
@medusajs/icons:build: [32mface-disappointed.js                0.94KB    0.81KB    
@medusajs/icons:build: [32mface-smile.js                       0.96KB    0.84KB    
@medusajs/icons:build: [32mfacebook.js                         0.95KB    0.84KB    
@medusajs/icons:build: [32mfeatured-badge.js                   1.18KB    1.04KB    
@medusajs/icons:build: [32mfigma.js                            0.83KB    0.75KB    
@medusajs/icons:build: [32mfile-plus.js                        0.96KB    0.82KB    
@medusajs/icons:build: [32mfile.js                             0.92KB    0.80KB    
@medusajs/icons:build: [32mfire-solid.js                       1.09KB    0.94KB    
@medusajs/icons:build: [32mfire.js                             0.98KB    0.84KB    
@medusajs/icons:build: [32mflag-mini.js                        1.02KB    0.88KB    
@medusajs/icons:build: [32mfloppy-disk.js                      0.94KB    0.84KB    
@medusajs/icons:build: [32mflying-box.js                       0.95KB    0.83KB    
@medusajs/icons:build: [32mfocus.js                            0.89KB    0.77KB    
@medusajs/icons:build: [32mfolder-illustration.js              1.58KB    1.39KB    
@medusajs/icons:build: [32mfolder-open-illustration.js         1.68KB    1.48KB    
@medusajs/icons:build: [32mfolder-open.js                      1.04KB    0.94KB    
@medusajs/icons:build: [32mfolder.js                           0.92KB    0.80KB    
@medusajs/icons:build: [32mforward-solid.js                    0.98KB    0.85KB    
@medusajs/icons:build: [32mfunnel-plus.js                      0.86KB    0.74KB    
@medusajs/icons:build: [32mfunnel.js                           0.82KB    0.71KB    
@medusajs/icons:build: [32mgap.js                              0.87KB    0.75KB    
@medusajs/icons:build: [32mgatsby-ex.js                        1.08KB    0.93KB    
@medusajs/icons:build: [32mgatsby.js                           0.93KB    0.82KB    
@medusajs/icons:build: [32mgauge-sparkle.js                    1.08KB    0.95KB    
@medusajs/icons:build: [32mghost-worried.js                    0.96KB    0.84KB    
@medusajs/icons:build: [32mgift cards.js                       1.21KB    1.06KB    
@medusajs/icons:build: [32mgift-solid.js                       1.09KB    0.95KB    
@medusajs/icons:build: [32mgift.js                             1.05KB    0.92KB    
@medusajs/icons:build: [32mgithub.js                           1.31KB    1.14KB    
@medusajs/icons:build: [32mglasses.js                          0.91KB    0.78KB    
@medusajs/icons:build: [32mglobe-europe-solid.js               1.34KB    1.13KB    
@medusajs/icons:build: [32mglobe-europe.js                     1.17KB    1.00KB    
@medusajs/icons:build: [32mglobe.js                            0.87KB    0.77KB    
@medusajs/icons:build: [32mgoogle.js                           0.92KB    0.80KB    
@medusajs/icons:build: [32mgrid-layout.js                      0.91KB    0.78KB    
@medusajs/icons:build: [32mgrid-list.js                        0.90KB    0.78KB    
@medusajs/icons:build: [32mhand-truck.js                       0.96KB    0.82KB    
@medusajs/icons:build: [32mhashtag.js                          0.83KB    0.72KB    
@medusajs/icons:build: [32mheart-broken.js                     0.92KB    0.79KB    
@medusajs/icons:build: [32mheart.js                            0.96KB    0.84KB    
@medusajs/icons:build: [32mhistory.js                          0.85KB    0.73KB    
@medusajs/icons:build: [32mhouse-star.js                       0.95KB    0.82KB    
@medusajs/icons:build: [32mhouse.js                            0.91KB    0.79KB    
@medusajs/icons:build: [32mid-badge.js                         1.01KB    0.89KB    
@medusajs/icons:build: [32mimage-sparkle.js                    1.09KB    0.95KB    
@medusajs/icons:build: [32mimage.js                            0.94KB    0.82KB    
@medusajs/icons:build: [32mimages.js                           1.14KB    0.99KB    
@medusajs/icons:build: [32minbox-solid.js                      1.11KB    0.96KB    
@medusajs/icons:build: [32minformation-circle-solid.js         0.95KB    0.83KB    
@medusajs/icons:build: [32minformation-circle.js               0.95KB    0.83KB    
@medusajs/icons:build: [32mjavascript-ex.js                    1.12KB    1.00KB    
@medusajs/icons:build: [32mjavascript.js                       0.95KB    0.84KB    
@medusajs/icons:build: [32mkey-solid.js                        1.02KB    0.90KB    
@medusajs/icons:build: [32mkey.js                              0.98KB    0.87KB    
@medusajs/icons:build: [32mkeyboard.js                         1.29KB    1.11KB    
@medusajs/icons:build: [32mklarna-ex.js                        0.92KB    0.80KB    
@medusajs/icons:build: [32mklarna.js                           0.77KB    0.68KB    
@medusajs/icons:build: [32mklaviyo.js                          0.78KB    0.67KB    
@medusajs/icons:build: [32mlanguage.js                         0.89KB    0.77KB    
@medusajs/icons:build: [32mlaptop-mobile.js                    0.92KB    0.80KB    
@medusajs/icons:build: [32mlayers-3.js                         0.94KB    0.81KB    
@medusajs/icons:build: [32mlayout-bottom.js                    0.95KB    0.83KB    
@medusajs/icons:build: [32mlayout-left-right.js                0.88KB    0.77KB    
@medusajs/icons:build: [32mlayout-left.js                      0.87KB    0.76KB    
@medusajs/icons:build: [32mlayout-right.js                     0.87KB    0.76KB    
@medusajs/icons:build: [32mlayout-top-bottom.js                0.96KB    0.84KB    
@medusajs/icons:build: [32mlayout-top.js                       0.95KB    0.83KB    
@medusajs/icons:build: [32mlevels.js                           0.90KB    0.78KB    
@medusajs/icons:build: [32mlifebuoy.js                         1.24KB    1.08KB    
@medusajs/icons:build: [32mlight-bulb-solid.js                 0.94KB    0.81KB    
@medusajs/icons:build: [32mlight-bulb.js                       0.90KB    0.78KB    
@medusajs/icons:build: [32mlinear.js                           0.93KB    0.82KB    
@medusajs/icons:build: [32mlink.js                             0.91KB    0.81KB    
@medusajs/icons:build: [32mlinkedin.js                         0.81KB    0.71KB    
@medusajs/icons:build: [32mlist-bullet.js                      0.85KB    0.74KB    
@medusajs/icons:build: [32mlist-checkbox.js                    0.89KB    0.77KB    
@medusajs/icons:build: [32mlist-tree.js                        0.91KB    0.79KB    
@medusajs/icons:build: [32mloader.js                           0.97KB    0.85KB    
@medusajs/icons:build: [32mlock-closed-solid-mini.js           0.93KB    0.81KB    
@medusajs/icons:build: [32mlock-closed-solid.js                0.90KB    0.78KB    
@medusajs/icons:build: [32mlock-open-solid.js                  0.99KB    0.87KB    
@medusajs/icons:build: [32mmagnifier-alert.js                  1.06KB    0.93KB    
@medusajs/icons:build: [32mmagnifying-glass-mini.js            0.83KB    0.72KB    
@medusajs/icons:build: [32mmagnifying-glass.js                 0.83KB    0.71KB    
@medusajs/icons:build: [32mmailbox.js                          0.97KB    0.84KB    
@medusajs/icons:build: [32mmap-pin.js                          0.90KB    0.78KB    
@medusajs/icons:build: [32mmap.js                              1.03KB    0.89KB    
@medusajs/icons:build: [32mmargin-bottom.js                    0.85KB    0.74KB    
@medusajs/icons:build: [32mmargin-left-right.js                0.86KB    0.75KB    
@medusajs/icons:build: [32mmargin-left.js                      0.85KB    0.73KB    
@medusajs/icons:build: [32mmargin-right.js                     0.85KB    0.74KB    
@medusajs/icons:build: [32mmargin-top-bottom.js                0.86KB    0.75KB    
@medusajs/icons:build: [32mmargin-top.js                       0.85KB    0.73KB    
@medusajs/icons:build: [32mmarkdown-solid.js                   1.02KB    0.88KB    
@medusajs/icons:build: [32mmastercard.js                       1.12KB    1.00KB    
@medusajs/icons:build: [32mmedia-play.js                       0.86KB    0.74KB    
@medusajs/icons:build: [32mmedia-stop-solid.js                 0.80KB    0.68KB    
@medusajs/icons:build: [32mmedusa.js                           0.79KB    0.69KB    
@medusajs/icons:build: [32mmeilisearch.js                      1.02KB    0.89KB    
@medusajs/icons:build: [32mmember-bronze-badge.js              1.66KB    1.45KB    
@medusajs/icons:build: [32mmember-gold-badge.js                1.66KB    1.45KB    
@medusajs/icons:build: [32mmember-silver-badge.js              1.64KB    1.42KB    
@medusajs/icons:build: [32mmessage-plus.js                     0.88KB    0.77KB    
@medusajs/icons:build: [32mmeta.js                             1.28KB    1.10KB    
@medusajs/icons:build: [32mmicrochip.js                        0.94KB    0.82KB    
@medusajs/icons:build: [32mminus-badge.js                      1.01KB    0.91KB    
@medusajs/icons:build: [32mminus-circle.js                     0.82KB    0.71KB    
@medusajs/icons:build: [32mminus-mini.js                       0.78KB    0.67KB    
@medusajs/icons:build: [32mminus.js                            0.78KB    0.67KB    
@medusajs/icons:build: [32mmoon-solid.js                       0.95KB    0.83KB    
@medusajs/icons:build: [32mmoon.js                             0.95KB    0.83KB    
@medusajs/icons:build: [32mnewspaper.js                        1.01KB    0.88KB    
@medusajs/icons:build: [32mnext-js.js                          1.27KB    1.12KB    
@medusajs/icons:build: [32mopen-rect-arrow-out.js              0.87KB    0.76KB    
@medusajs/icons:build: [32mpalette.js                          0.99KB    0.85KB    
@medusajs/icons:build: [32mpaper-clip.js                       0.86KB    0.74KB    
@medusajs/icons:build: [32mpaper-plane.js                      0.88KB    0.76KB    
@medusajs/icons:build: [32mparty.js                            1.07KB    0.92KB    
@medusajs/icons:build: [32mpause-solid.js                      0.83KB    0.72KB    
@medusajs/icons:build: [32mpause.js                            0.86KB    0.75KB    
@medusajs/icons:build: [32mpaypal.js                           1.18KB    1.02KB    
@medusajs/icons:build: [32mpayphone.js                         1.46KB    1.25KB    
@medusajs/icons:build: [32mpen-plus.js                         0.88KB    0.76KB    
@medusajs/icons:build: [32mpencil-square-solid.js              0.99KB    0.85KB    
@medusajs/icons:build: [32mpencil-square.js                    0.95KB    0.83KB    
@medusajs/icons:build: [32mpencil.js                           0.92KB    0.80KB    
@medusajs/icons:build: [32mphone.js                            0.88KB    0.77KB    
@medusajs/icons:build: [32mphoto-solid.js                      1.04KB    0.90KB    
@medusajs/icons:build: [32mphoto.js                            0.93KB    0.82KB    
@medusajs/icons:build: [32mpin-tack-solid.js                   0.90KB    0.78KB    
@medusajs/icons:build: [32mpin-tack.js                         0.89KB    0.77KB    
@medusajs/icons:build: [32mplay-mini-solid.js                  0.90KB    0.77KB    
@medusajs/icons:build: [32mplay-solid.js                       0.89KB    0.77KB    
@medusajs/icons:build: [32mplug.js                             0.92KB    0.79KB    
@medusajs/icons:build: [32mplus-mini.js                        0.79KB    0.67KB    
@medusajs/icons:build: [32mplus.js                             0.79KB    0.67KB    
@medusajs/icons:build: [32mpointer-circle-solid.js             0.92KB    0.79KB    
@medusajs/icons:build: [32mpointer.js                          0.85KB    0.73KB    
@medusajs/icons:build: [32mprogress-0.js                       0.82KB    0.72KB    
@medusajs/icons:build: [32mprogress-100.js                     0.91KB    0.80KB    
@medusajs/icons:build: [32mprogress-15.js                      0.91KB    0.80KB    
@medusajs/icons:build: [32mprogress-30.js                      0.91KB    0.80KB    
@medusajs/icons:build: [32mprogress-45.js                      0.91KB    0.80KB    
@medusajs/icons:build: [32mprogress-60.js                      0.91KB    0.81KB    
@medusajs/icons:build: [32mprogress-75.js                      0.90KB    0.79KB    
@medusajs/icons:build: [32mprogress-90.js                      0.91KB    0.80KB    
@medusajs/icons:build: [32mpuzzle-solid.js                     1.05KB    0.91KB    
@medusajs/icons:build: [32mpuzzle.js                           0.99KB    0.86KB    
@medusajs/icons:build: [32mquestion-mark-circle.js             1.16KB    1.00KB    
@medusajs/icons:build: [32mquestion-mark.js                    1.16KB    1.00KB    
@medusajs/icons:build: [32mqueue-list.js                       0.87KB    0.75KB    
@medusajs/icons:build: [32mqueue-solid.js                      0.87KB    0.76KB    
@medusajs/icons:build: [32mreact-js-ex.js                      2.00KB    1.68KB    
@medusajs/icons:build: [32mreact-js.js                         0.92KB    0.81KB    
@medusajs/icons:build: [32mreceipt-percent.js                  1.06KB    0.93KB    
@medusajs/icons:build: [32mreceipt.js                          0.93KB    0.81KB    
@medusajs/icons:build: [32mreduce.js                           0.87KB    0.75KB    
@medusajs/icons:build: [32mrename.js                           0.93KB    0.80KB    
@medusajs/icons:build: [32mreplay-solid.js                     0.90KB    0.79KB    
@medusajs/icons:build: [32mresend.js                           1.06KB    0.93KB    
@medusajs/icons:build: [32mresize.js                           0.81KB    0.69KB    
@medusajs/icons:build: [32mrobot.js                            0.94KB    0.82KB    
@medusajs/icons:build: [32mrocket-launch-solid.js              1.30KB    1.15KB    
@medusajs/icons:build: [32mrocket-launch.js                    1.14KB    0.99KB    
@medusajs/icons:build: [32mrss.js                              0.85KB    0.73KB    
@medusajs/icons:build: [32msanity.js                           0.97KB    0.84KB    
@medusajs/icons:build: [32msap.js                              1.38KB    1.20KB    
@medusajs/icons:build: [32mscan-text.js                        0.91KB    0.79KB    
@medusajs/icons:build: [32mscan.js                             0.89KB    0.78KB    
@medusajs/icons:build: [32mscroll-text.js                      0.95KB    0.82KB    
@medusajs/icons:build: [32msendgrid.js                         0.72KB    0.63KB    
@medusajs/icons:build: [32mserver-solid.js                     1.01KB    0.87KB    
@medusajs/icons:build: [32mserver-stack-solid.js               0.95KB    0.83KB    
@medusajs/icons:build: [32mserver-stack.js                     1.14KB    0.97KB    
@medusajs/icons:build: [32mserver.js                           1.00KB    0.88KB    
@medusajs/icons:build: [32mshare.js                            0.84KB    0.73KB    
@medusajs/icons:build: [32mshield-check.js                     0.96KB    0.82KB    
@medusajs/icons:build: [32mshipbob.js                          1.00KB    0.88KB    
@medusajs/icons:build: [32mshippo.js                           1.61KB    1.38KB    
@medusajs/icons:build: [32mshopping-bag.js                     0.89KB    0.77KB    
@medusajs/icons:build: [32mshopping-cart-solid.js              0.98KB    0.84KB    
@medusajs/icons:build: [32mshopping-cart.js                    1.13KB    0.97KB    
@medusajs/icons:build: [32mshopping.js                         1.07KB    0.93KB    
@medusajs/icons:build: [32msidebar-left-filled.js              0.99KB    0.87KB    
@medusajs/icons:build: [32msidebar-left.js                     0.94KB    0.83KB    
@medusajs/icons:build: [32msidebar-right-filled.js             0.99KB    0.87KB    
@medusajs/icons:build: [32msidebar-right.js                    0.94KB    0.82KB    
@medusajs/icons:build: [32mslack.js                            1.20KB    1.06KB    
@medusajs/icons:build: [32msnooze.js                           0.93KB    0.80KB    
@medusajs/icons:build: [32msparkle-2-solid.js                  0.97KB    0.84KB    
@medusajs/icons:build: [32msparkles-mini-solid.js              1.02KB    0.87KB    
@medusajs/icons:build: [32msparkles-mini.js                    0.96KB    0.82KB    
@medusajs/icons:build: [32msparkles-solid.js                   1.01KB    0.87KB    
@medusajs/icons:build: [32msparkles.js                         0.95KB    0.82KB    
@medusajs/icons:build: [32mspinner.js                          0.98KB    0.86KB    
@medusajs/icons:build: [32msquare-blue-solid.js                0.83KB    0.71KB    
@medusajs/icons:build: [32msquare-dashed-cursor.js             0.94KB    0.82KB    
@medusajs/icons:build: [32msquare-green-solid.js               0.83KB    0.72KB    
@medusajs/icons:build: [32msquare-grey-solid.js                0.83KB    0.71KB    
@medusajs/icons:build: [32msquare-orange-solid.js              0.83KB    0.72KB    
@medusajs/icons:build: [32msquare-purple-solid.js              0.83KB    0.72KB    
@medusajs/icons:build: [32msquare-red-solid.js                 0.83KB    0.72KB    
@medusajs/icons:build: [32msquare-two-stack-mini.js            1.00KB    0.88KB    
@medusajs/icons:build: [32msquare-two-stack-solid.js           0.86KB    0.75KB    
@medusajs/icons:build: [32msquare-two-stack.js                 1.00KB    0.87KB    
@medusajs/icons:build: [32msquares-plus-solid.js               0.92KB    0.79KB    
@medusajs/icons:build: [32msquares-plus.js                     0.93KB    0.80KB    
@medusajs/icons:build: [32mstack-perspective.js                0.96KB    0.83KB    
@medusajs/icons:build: [32mstar-solid.js                       0.99KB    0.86KB    
@medusajs/icons:build: [32mstar.js                             0.92KB    0.83KB    
@medusajs/icons:build: [32mstop-circle-solid.js                0.89KB    0.78KB    
@medusajs/icons:build: [32mstopwatch.js                        0.86KB    0.75KB    
@medusajs/icons:build: [32mstore credits.js                    1.00KB    0.87KB    
@medusajs/icons:build: [32mstripe.js                           1.12KB    0.98KB    
@medusajs/icons:build: [32msun-solid.js                        1.10KB    0.96KB    
@medusajs/icons:build: [32msun.js                              0.94KB    0.83KB    
@medusajs/icons:build: [32msvelte.js                           1.15KB    0.99KB    
@medusajs/icons:build: [32mswatch-solid.js                     0.97KB    0.84KB    
@medusajs/icons:build: [32mswatch.js                           1.06KB    0.93KB    
@medusajs/icons:build: [32mtable-pen.js                        0.91KB    0.80KB    
@medusajs/icons:build: [32mtablet.js                           0.87KB    0.76KB    
@medusajs/icons:build: [32mtag-illustration.js                 1.76KB    1.54KB    
@medusajs/icons:build: [32mtag-solid.js                        0.94KB    0.82KB    
@medusajs/icons:build: [32mtag.js                              1.05KB    0.92KB    
@medusajs/icons:build: [32mtailwind.js                         0.87KB    0.76KB    
@medusajs/icons:build: [32mtanstack.js                         2.92KB    2.49KB    
@medusajs/icons:build: [32mtarget.js                           0.94KB    0.82KB    
@medusajs/icons:build: [32mtax-exclusive.js                    1.14KB    0.99KB    
@medusajs/icons:build: [32mtax-inclusive.js                    1.15KB    1.01KB    
@medusajs/icons:build: [32mtelegram.js                         1.24KB    1.04KB    
@medusajs/icons:build: [32mtelescope-solid.js                  1.17KB    1.03KB    
@medusajs/icons:build: [32mtelescope.js                        0.97KB    0.83KB    
@medusajs/icons:build: [32mtext-highlight.js                   0.97KB    0.84KB    
@medusajs/icons:build: [32mtext.js                             0.99KB    0.85KB    
@medusajs/icons:build: [32mthumb-down.js                       1.04KB    0.91KB    
@medusajs/icons:build: [32mthumb-up.js                         1.03KB    0.89KB    
@medusajs/icons:build: [32mthumbnail-badge.js                  1.26KB    1.10KB    
@medusajs/icons:build: [32mtimeline-vertical.js                1.00KB    0.89KB    
@medusajs/icons:build: [32mtools-solid.js                      1.13KB    1.00KB    
@medusajs/icons:build: [32mtools.js                            1.01KB    0.89KB    
@medusajs/icons:build: [32mtop-to-bottom.js                    0.92KB    0.81KB    
@medusajs/icons:build: [32mtrash.js                            0.89KB    0.78KB    
@medusajs/icons:build: [32mtriangle-down-mini.js               0.90KB    0.77KB    
@medusajs/icons:build: [32mtriangle-left-mini.js               0.89KB    0.77KB    
@medusajs/icons:build: [32mtriangle-right-mini-hover.js        0.90KB    0.78KB    
@medusajs/icons:build: [32mtriangle-right-mini.js              0.90KB    0.78KB    
@medusajs/icons:build: [32mtriangle-up-mini.js                 0.90KB    0.77KB    
@medusajs/icons:build: [32mtriangles-mini.js                   0.99KB    0.85KB    
@medusajs/icons:build: [32mtrophy.js                           0.94KB    0.81KB    
@medusajs/icons:build: [32mtruck-fast.js                       1.04KB    0.90KB    
@medusajs/icons:build: [32mtypescript-ex.js                    1.22KB    1.05KB    
@medusajs/icons:build: [32mtypescript.js                       1.08KB    0.95KB    
@medusajs/icons:build: [32mtypography.js                       0.83KB    0.71KB    
@medusajs/icons:build: [32munfold.js                           0.81KB    0.70KB    
@medusajs/icons:build: [32muser-group.js                       1.09KB    0.94KB    
@medusajs/icons:build: [32muser-mini.js                        0.90KB    0.78KB    
@medusajs/icons:build: [32muser.js                             0.90KB    0.78KB    
@medusajs/icons:build: [32musers-solid.js                      1.06KB    0.92KB    
@medusajs/icons:build: [32musers.js                            1.01KB    0.88KB    
@medusajs/icons:build: [32mvariable.js                         0.87KB    0.75KB    
@medusajs/icons:build: [32mvercel.js                           0.89KB    0.80KB    
@medusajs/icons:build: [32mverified-badge.js                   1.34KB    1.17KB    
@medusajs/icons:build: [32mvisa.js                             1.08KB    0.92KB    
@medusajs/icons:build: [32mvite.js                             1.11KB    0.98KB    
@medusajs/icons:build: [32mwand-sparkle.js                     1.14KB    1.00KB    
@medusajs/icons:build: [32mwebshipper.js                       1.33KB    1.14KB    
@medusajs/icons:build: [32mwindow.js                           0.97KB    0.87KB    
@medusajs/icons:build: [32mwish lists.js                       1.13KB    0.97KB    
@medusajs/icons:build: [32mwrench.js                           0.87KB    0.75KB    
@medusajs/icons:build: [32mx-circle-solid.js                   0.97KB    0.85KB    
@medusajs/icons:build: [32mx-circle.js                         0.90KB    0.80KB    
@medusajs/icons:build: [32mx-mark-mini.js                      0.80KB    0.69KB    
@medusajs/icons:build: [32mx-mark.js                           0.79KB    0.68KB    
@medusajs/icons:build: [32mx.js                                0.73KB    0.65KB    
@medusajs/icons:build: [32m                                    459.91KB  399.85KB  
@medusajs/icons:build: [0m
@medusajs/icons:build: [1m[33m(!) [plugin visualizer] rollup output configuration missing sourcemap = true. You should add output.sourcemap = true or disable sourcemap in this plugin[39m[22m
@medusajs/icons:build: [1m[33m(!) [plugin visualizer] index.js missing source map[39m[22m
@medusajs/icons:build: [1m[33m(!) [plugin visualizer] WIP.js missing source map[39m[22m
@medusajs/icons:build: [1m[33m(!) [plugin visualizer] academic-cap-solid.js missing source map[39m[22m
@medusajs/icons:build: [1m[33m(!) [plugin visualizer] academic-cap.js missing source map[39m[22m
@medusajs/icons:build: [1m[33m(!) [plugin visualizer] adjustments-done.js missing source map[39m[22m
@medusajs/icons:build: [1m[33m(!) [plugin visualizer] adjustments.js missing source map[39m[22m
@medusajs/icons:build: [1m[33m(!) [plugin visualizer] ai-assistent-luminosity.js missing source map[39m[22m
@medusajs/icons:build: [1m[33m(!) [plugin visualizer] ai-assistent.js missing source map[39m[22m
@medusajs/icons:build: [1m[33m(!) [plugin visualizer] amazon.js missing source map[39m[22m
@medusajs/icons:build: [1m[33m(!) [plugin visualizer] apple.js missing source map[39m[22m
@medusajs/icons:build: [1m[33m(!) [plugin visualizer] archive-box.js missing source map[39m[22m
@medusajs/icons:build: [1m[33m(!) [plugin visualizer] arrow-down-circle.js missing source map[39m[22m
@medusajs/icons:build: [1m[33m(!) [plugin visualizer] arrow-down-left-mini.js missing source map[39m[22m
@medusajs/icons:build: [1m[33m(!) [plugin visualizer] arrow-down-left.js missing source map[39m[22m
@medusajs/icons:build: [1m[33m(!) [plugin visualizer] arrow-down-mini.js missing source map[39m[22m
@medusajs/icons:build: [1m[33m(!) [plugin visualizer] arrow-down-right-mini.js missing source map[39m[22m
@medusajs/icons:build: [1m[33m(!) [plugin visualizer] arrow-down-tray.js missing source map[39m[22m
@medusajs/icons:build: [1m[33m(!) [plugin visualizer] arrow-down.js missing source map[39m[22m
@medusajs/icons:build: [1m[33m(!) [plugin visualizer] arrow-left-mini.js missing source map[39m[22m
@medusajs/icons:build: [1m[33m(!) [plugin visualizer] arrow-left.js missing source map[39m[22m
@medusajs/icons:build: [1m[33m(!) [plugin visualizer] arrow-long-down.js missing source map[39m[22m
@medusajs/icons:build: [1m[33m(!) [plugin visualizer] arrow-long-left.js missing source map[39m[22m
@medusajs/icons:build: [1m[33m(!) [plugin visualizer] arrow-long-right.js missing source map[39m[22m
@medusajs/icons:build: [1m[33m(!) [plugin visualizer] arrow-long-up.js missing source map[39m[22m
@medusajs/icons:build: [1m[33m(!) [plugin visualizer] arrow-path-mini.js missing source map[39m[22m
@medusajs/icons:build: [1m[33m(!) [plugin visualizer] arrow-path.js missing source map[39m[22m
@medusajs/icons:build: [1m[33m(!) [plugin visualizer] arrow-right-down.js missing source map[39m[22m
@medusajs/icons:build: [1m[33m(!) [plugin visualizer] arrow-right-mini.js missing source map[39m[22m
@medusajs/icons:build: [1m[33m(!) [plugin visualizer] arrow-right-on-rectangle.js missing source map[39m[22m
@medusajs/icons:build: [1m[33m(!) [plugin visualizer] arrow-right.js missing source map[39m[22m
@medusajs/icons:build: [1m[33m(!) [plugin visualizer] arrow-turn-up.js missing source map[39m[22m
@medusajs/icons:build: [1m[33m(!) [plugin visualizer] arrow-up-circle-solid.js missing source map[39m[22m
@medusajs/icons:build: [1m[33m(!) [plugin visualizer] arrow-up-down.js missing source map[39m[22m
@medusajs/icons:build: [1m[33m(!) [plugin visualizer] arrow-up-mini.js missing source map[39m[22m
@medusajs/icons:build: [1m[33m(!) [plugin visualizer] arrow-up-right-micro.js missing source map[39m[22m
@medusajs/icons:build: [1m[33m(!) [plugin visualizer] arrow-up-right-mini.js missing source map[39m[22m
@medusajs/icons:build: [1m[33m(!) [plugin visualizer] arrow-up-right-on-box.js missing source map[39m[22m
@medusajs/icons:build: [1m[33m(!) [plugin visualizer] arrow-up-tray.js missing source map[39m[22m
@medusajs/icons:build: [1m[33m(!) [plugin visualizer] arrow-uturn-left.js missing source map[39m[22m
@medusajs/icons:build: [1m[33m(!) [plugin visualizer] arrows-pointing-out-mini.js missing source map[39m[22m
@medusajs/icons:build: [1m[33m(!) [plugin visualizer] arrows-pointing-out.js missing source map[39m[22m
@medusajs/icons:build: [1m[33m(!) [plugin visualizer] arrows-reduce-diagonal.js missing source map[39m[22m
@medusajs/icons:build: [1m[33m(!) [plugin visualizer] astro.js missing source map[39m[22m
@medusajs/icons:build: [1m[33m(!) [plugin visualizer] at-symbol.js missing source map[39m[22m
@medusajs/icons:build: [1m[33m(!) [plugin visualizer] backward-solid.js missing source map[39m[22m
@medusajs/icons:build: [1m[33m(!) [plugin visualizer] badge-check.js missing source map[39m[22m
@medusajs/icons:build: [1m[33m(!) [plugin visualizer] bars-arrow-down.js missing source map[39m[22m
@medusajs/icons:build: [1m[33m(!) [plugin visualizer] bars-three.js missing source map[39m[22m
@medusajs/icons:build: [1m[33m(!) [plugin visualizer] beaker.js missing source map[39m[22m
@medusajs/icons:build: [1m[33m(!) [plugin visualizer] bell-alert-done.js missing source map[39m[22m
@medusajs/icons:build: [1m[33m(!) [plugin visualizer] bell-alert-solid.js missing source map[39m[22m
@medusajs/icons:build: [1m[33m(!) [plugin visualizer] bell-alert.js missing source map[39m[22m
@medusajs/icons:build: [1m[33m(!) [plugin visualizer] bloom-badge.js missing source map[39m[22m
@medusajs/icons:build: [1m[33m(!) [plugin visualizer] bloom.js missing source map[39m[22m
@medusajs/icons:build: [1m[33m(!) [plugin visualizer] bolt-solid.js missing source map[39m[22m
@medusajs/icons:build: [1m[33m(!) [plugin visualizer] bolt.js missing source map[39m[22m
@medusajs/icons:build: [1m[33m(!) [plugin visualizer] book-open.js missing source map[39m[22m
@medusajs/icons:build: [1m[33m(!) [plugin visualizer] book.js missing source map[39m[22m
@medusajs/icons:build: [1m[33m(!) [plugin visualizer] bookmarks.js missing source map[39m[22m
@medusajs/icons:build: [1m[33m(!) [plugin visualizer] bottom-to-top.js missing source map[39m[22m
@medusajs/icons:build: [1m[33m(!) [plugin visualizer] brackets.js missing source map[39m[22m
@medusajs/icons:build: [1m[33m(!) [plugin visualizer] broom-sparkle-solid.js missing source map[39m[22m
@medusajs/icons:build: [1m[33m(!) [plugin visualizer] broom-sparkle.js missing source map[39m[22m
@medusajs/icons:build: [1m[33m(!) [plugin visualizer] bug-ant-solid.js missing source map[39m[22m
@medusajs/icons:build: [1m[33m(!) [plugin visualizer] bug.js missing source map[39m[22m
@medusajs/icons:build: [1m[33m(!) [plugin visualizer] building-storefront.js missing source map[39m[22m
@medusajs/icons:build: [1m[33m(!) [plugin visualizer] building-tax.js missing source map[39m[22m
@medusajs/icons:build: [1m[33m(!) [plugin visualizer] buildings-mini.js missing source map[39m[22m
@medusajs/icons:build: [1m[33m(!) [plugin visualizer] buildings-solid.js missing source map[39m[22m
@medusajs/icons:build: [1m[33m(!) [plugin visualizer] buildings.js missing source map[39m[22m
@medusajs/icons:build: [1m[33m(!) [plugin visualizer] button.js missing source map[39m[22m
@medusajs/icons:build: [1m[33m(!) [plugin visualizer] calendar-mini.js missing source map[39m[22m
@medusajs/icons:build: [1m[33m(!) [plugin visualizer] calendar-solid.js missing source map[39m[22m
@medusajs/icons:build: [1m[33m(!) [plugin visualizer] calendar.js missing source map[39m[22m
@medusajs/icons:build: [1m[33m(!) [plugin visualizer] camera.js missing source map[39m[22m
@medusajs/icons:build: [1m[33m(!) [plugin visualizer] card-sparkle.js missing source map[39m[22m
@medusajs/icons:build: [1m[33m(!) [plugin visualizer] caret-maximize-diagonal.js missing source map[39m[22m
@medusajs/icons:build: [1m[33m(!) [plugin visualizer] caret-minimize-diagonal.js missing source map[39m[22m
@medusajs/icons:build: [1m[33m(!) [plugin visualizer] cash-solid.js missing source map[39m[22m
@medusajs/icons:build: [1m[33m(!) [plugin visualizer] cash.js missing source map[39m[22m
@medusajs/icons:build: [1m[33m(!) [plugin visualizer] channels-solid.js missing source map[39m[22m
@medusajs/icons:build: [1m[33m(!) [plugin visualizer] channels.js missing source map[39m[22m
@medusajs/icons:build: [1m[33m(!) [plugin visualizer] chart-activity.js missing source map[39m[22m
@medusajs/icons:build: [1m[33m(!) [plugin visualizer] chart-bar.js missing source map[39m[22m
@medusajs/icons:build: [1m[33m(!) [plugin visualizer] chart-pie.js missing source map[39m[22m
@medusajs/icons:build: [1m[33m(!) [plugin visualizer] chat-bubble-left-right-solid.js missing source map[39m[22m
@medusajs/icons:build: [1m[33m(!) [plugin visualizer] chat-bubble-left-right.js missing source map[39m[22m
@medusajs/icons:build: [1m[33m(!) [plugin visualizer] chat-bubble.js missing source map[39m[22m
@medusajs/icons:build: [1m[33m(!) [plugin visualizer] check-circle-mini-solid.js missing source map[39m[22m
@medusajs/icons:build: [1m[33m(!) [plugin visualizer] check-circle-solid.js missing source map[39m[22m
@medusajs/icons:build: [1m[33m(!) [plugin visualizer] check-circle.js missing source map[39m[22m
@medusajs/icons:build: [1m[33m(!) [plugin visualizer] check-mini.js missing source map[39m[22m
@medusajs/icons:build: [1m[33m(!) [plugin visualizer] check.js missing source map[39m[22m
@medusajs/icons:build: [1m[33m(!) [plugin visualizer] chef-hat.js missing source map[39m[22m
@medusajs/icons:build: [1m[33m(!) [plugin visualizer] chevron-double-left-mini-solid.js missing source map[39m[22m
@medusajs/icons:build: [1m[33m(!) [plugin visualizer] chevron-double-left.js missing source map[39m[22m
@medusajs/icons:build: [1m[33m(!) [plugin visualizer] chevron-double-right-mini-solid.js missing source map[39m[22m
@medusajs/icons:build: [1m[33m(!) [plugin visualizer] chevron-double-right.js missing source map[39m[22m
@medusajs/icons:build: [1m[33m(!) [plugin visualizer] chevron-down-mini.js missing source map[39m[22m
@medusajs/icons:build: [1m[33m(!) [plugin visualizer] chevron-down.js missing source map[39m[22m
@medusajs/icons:build: [1m[33m(!) [plugin visualizer] chevron-left-mini.js missing source map[39m[22m
@medusajs/icons:build: [1m[33m(!) [plugin visualizer] chevron-left.js missing source map[39m[22m
@medusajs/icons:build: [1m[33m(!) [plugin visualizer] chevron-right-mini.js missing source map[39m[22m
@medusajs/icons:build: [1m[33m(!) [plugin visualizer] chevron-right.js missing source map[39m[22m
@medusajs/icons:build: [1m[33m(!) [plugin visualizer] chevron-up-down.js missing source map[39m[22m
@medusajs/icons:build: [1m[33m(!) [plugin visualizer] chevron-up-mini.js missing source map[39m[22m
@medusajs/icons:build: [1m[33m(!) [plugin visualizer] circle-arrow-up.js missing source map[39m[22m
@medusajs/icons:build: [1m[33m(!) [plugin visualizer] circle-check-solid.js missing source map[39m[22m
@medusajs/icons:build: [1m[33m(!) [plugin visualizer] circle-dotted-line.js missing source map[39m[22m
@medusajs/icons:build: [1m[33m(!) [plugin visualizer] circle-filled-solid.js missing source map[39m[22m
@medusajs/icons:build: [1m[33m(!) [plugin visualizer] circle-half-dotted-clock.js missing source map[39m[22m
@medusajs/icons:build: [1m[33m(!) [plugin visualizer] circle-half-solid.js missing source map[39m[22m
@medusajs/icons:build: [1m[33m(!) [plugin visualizer] circle-info-solid.js missing source map[39m[22m
@medusajs/icons:build: [1m[33m(!) [plugin visualizer] circle-mini-filled-solid.js missing source map[39m[22m
@medusajs/icons:build: [1m[33m(!) [plugin visualizer] circle-mini-solid.js missing source map[39m[22m
@medusajs/icons:build: [1m[33m(!) [plugin visualizer] circle-minus-solid.js missing source map[39m[22m
@medusajs/icons:build: [1m[33m(!) [plugin visualizer] circle-plus.js missing source map[39m[22m
@medusajs/icons:build: [1m[33m(!) [plugin visualizer] circle-quarter-solid.js missing source map[39m[22m
@medusajs/icons:build: [1m[33m(!) [plugin visualizer] circle-sliders.js missing source map[39m[22m
@medusajs/icons:build: [1m[33m(!) [plugin visualizer] circle-solid.js missing source map[39m[22m
@medusajs/icons:build: [1m[33m(!) [plugin visualizer] circle-stack-solid.js missing source map[39m[22m
@medusajs/icons:build: [1m[33m(!) [plugin visualizer] circle-stack.js missing source map[39m[22m
@medusajs/icons:build: [1m[33m(!) [plugin visualizer] circle-three-quarters-solid.js missing source map[39m[22m
@medusajs/icons:build: [1m[33m(!) [plugin visualizer] circle-warning-solid.js missing source map[39m[22m
@medusajs/icons:build: [1m[33m(!) [plugin visualizer] circle-xmark-solid.js missing source map[39m[22m
@medusajs/icons:build: [1m[33m(!) [plugin visualizer] clock-changed-solid-mini.js missing source map[39m[22m
@medusajs/icons:build: [1m[33m(!) [plugin visualizer] clock-solid-mini.js missing source map[39m[22m
@medusajs/icons:build: [1m[33m(!) [plugin visualizer] clock-solid.js missing source map[39m[22m
@medusajs/icons:build: [1m[33m(!) [plugin visualizer] clock.js missing source map[39m[22m
@medusajs/icons:build: [1m[33m(!) [plugin visualizer] clone-dashed.js missing source map[39m[22m
@medusajs/icons:build: [1m[33m(!) [plugin visualizer] cloud-arrow-down.js missing source map[39m[22m
@medusajs/icons:build: [1m[33m(!) [plugin visualizer] cloud-arrow-up.js missing source map[39m[22m
@medusajs/icons:build: [1m[33m(!) [plugin visualizer] cloud-solid.js missing source map[39m[22m
@medusajs/icons:build: [1m[33m(!) [plugin visualizer] code-branch.js missing source map[39m[22m
@medusajs/icons:build: [1m[33m(!) [plugin visualizer] code-commit.js missing source map[39m[22m
@medusajs/icons:build: [1m[33m(!) [plugin visualizer] code-compare.js missing source map[39m[22m
@medusajs/icons:build: [1m[33m(!) [plugin visualizer] code-editor.js missing source map[39m[22m
@medusajs/icons:build: [1m[33m(!) [plugin visualizer] code-merge.js missing source map[39m[22m
@medusajs/icons:build: [1m[33m(!) [plugin visualizer] code-pull-request.js missing source map[39m[22m
@medusajs/icons:build: [1m[33m(!) [plugin visualizer] code.js missing source map[39m[22m
@medusajs/icons:build: [1m[33m(!) [plugin visualizer] cog-six-tooth-solid.js missing source map[39m[22m
@medusajs/icons:build: [1m[33m(!) [plugin visualizer] cog-six-tooth.js missing source map[39m[22m
@medusajs/icons:build: [1m[33m(!) [plugin visualizer] collapse.js missing source map[39m[22m
@medusajs/icons:build: [1m[33m(!) [plugin visualizer] command-line-solid.js missing source map[39m[22m
@medusajs/icons:build: [1m[33m(!) [plugin visualizer] command-line.js missing source map[39m[22m
@medusajs/icons:build: [1m[33m(!) [plugin visualizer] component-solid.js missing source map[39m[22m
@medusajs/icons:build: [1m[33m(!) [plugin visualizer] component.js missing source map[39m[22m
@medusajs/icons:build: [1m[33m(!) [plugin visualizer] computer-desktop-solid.js missing source map[39m[22m
@medusajs/icons:build: [1m[33m(!) [plugin visualizer] computer-desktop.js missing source map[39m[22m
@medusajs/icons:build: [1m[33m(!) [plugin visualizer] contentful.js missing source map[39m[22m
@medusajs/icons:build: [1m[33m(!) [plugin visualizer] credit-card-refresh.js missing source map[39m[22m
@medusajs/icons:build: [1m[33m(!) [plugin visualizer] credit-card-solid.js missing source map[39m[22m
@medusajs/icons:build: [1m[33m(!) [plugin visualizer] credit-card.js missing source map[39m[22m
@medusajs/icons:build: [1m[33m(!) [plugin visualizer] cube-solid.js missing source map[39m[22m
@medusajs/icons:build: [1m[33m(!) [plugin visualizer] currency-dollar-solid.js missing source map[39m[22m
@medusajs/icons:build: [1m[33m(!) [plugin visualizer] currency-dollar.js missing source map[39m[22m
@medusajs/icons:build: [1m[33m(!) [plugin visualizer] cursor-arrow-rays.js missing source map[39m[22m
@medusajs/icons:build: [1m[33m(!) [plugin visualizer] cursor-default-solid.js missing source map[39m[22m
@medusajs/icons:build: [1m[33m(!) [plugin visualizer] cursor-default.js missing source map[39m[22m
@medusajs/icons:build: [1m[33m(!) [plugin visualizer] decision-process.js missing source map[39m[22m
@medusajs/icons:build: [1m[33m(!) [plugin visualizer] descending-sorting.js missing source map[39m[22m
@medusajs/icons:build: [1m[33m(!) [plugin visualizer] directions.js missing source map[39m[22m
@medusajs/icons:build: [1m[33m(!) [plugin visualizer] discord.js missing source map[39m[22m
@medusajs/icons:build: [1m[33m(!) [plugin visualizer] document-series.js missing source map[39m[22m
@medusajs/icons:build: [1m[33m(!) [plugin visualizer] document-text-solid.js missing source map[39m[22m
@medusajs/icons:build: [1m[33m(!) [plugin visualizer] document-text.js missing source map[39m[22m
@medusajs/icons:build: [1m[33m(!) [plugin visualizer] dots-six.js missing source map[39m[22m
@medusajs/icons:build: [1m[33m(!) [plugin visualizer] draft orders.js missing source map[39m[22m
@medusajs/icons:build: [1m[33m(!) [plugin visualizer] drop-cap.js missing source map[39m[22m
@medusajs/icons:build: [1m[33m(!) [plugin visualizer] ellipse-blue-solid.js missing source map[39m[22m
@medusajs/icons:build: [1m[33m(!) [plugin visualizer] ellipse-green-solid.js missing source map[39m[22m
@medusajs/icons:build: [1m[33m(!) [plugin visualizer] ellipse-grey-solid.js missing source map[39m[22m
@medusajs/icons:build: [1m[33m(!) [plugin visualizer] ellipse-mini-solid.js missing source map[39m[22m
@medusajs/icons:build: [1m[33m(!) [plugin visualizer] ellipse-orange-solid.js missing source map[39m[22m
@medusajs/icons:build: [1m[33m(!) [plugin visualizer] ellipse-purple-solid.js missing source map[39m[22m
@medusajs/icons:build: [1m[33m(!) [plugin visualizer] ellipse-red-solid.js missing source map[39m[22m
@medusajs/icons:build: [1m[33m(!) [plugin visualizer] ellipse-solid.js missing source map[39m[22m
@medusajs/icons:build: [1m[33m(!) [plugin visualizer] ellipsis-horizontal.js missing source map[39m[22m
@medusajs/icons:build: [1m[33m(!) [plugin visualizer] ellipsis-vertical.js missing source map[39m[22m
@medusajs/icons:build: [1m[33m(!) [plugin visualizer] envelope-content.js missing source map[39m[22m
@medusajs/icons:build: [1m[33m(!) [plugin visualizer] envelope-solid.js missing source map[39m[22m
@medusajs/icons:build: [1m[33m(!) [plugin visualizer] envelope.js missing source map[39m[22m
@medusajs/icons:build: [1m[33m(!) [plugin visualizer] equals.js missing source map[39m[22m
@medusajs/icons:build: [1m[33m(!) [plugin visualizer] exclamation-circle-solid.js missing source map[39m[22m
@medusajs/icons:build: [1m[33m(!) [plugin visualizer] exclamation-circle.js missing source map[39m[22m
@medusajs/icons:build: [1m[33m(!) [plugin visualizer] expand.js missing source map[39m[22m
@medusajs/icons:build: [1m[33m(!) [plugin visualizer] eye-mini.js missing source map[39m[22m
@medusajs/icons:build: [1m[33m(!) [plugin visualizer] eye-slash-mini.js missing source map[39m[22m
@medusajs/icons:build: [1m[33m(!) [plugin visualizer] eye-slash.js missing source map[39m[22m
@medusajs/icons:build: [1m[33m(!) [plugin visualizer] eye.js missing source map[39m[22m
@medusajs/icons:build: [1m[33m(!) [plugin visualizer] face-crossed-out-eyes.js missing source map[39m[22m
@medusajs/icons:build: [1m[33m(!) [plugin visualizer] face-disappointed.js missing source map[39m[22m
@medusajs/icons:build: [1m[33m(!) [plugin visualizer] face-smile.js missing source map[39m[22m
@medusajs/icons:build: [1m[33m(!) [plugin visualizer] facebook.js missing source map[39m[22m
@medusajs/icons:build: [1m[33m(!) [plugin visualizer] featured-badge.js missing source map[39m[22m
@medusajs/icons:build: [1m[33m(!) [plugin visualizer] figma.js missing source map[39m[22m
@medusajs/icons:build: [1m[33m(!) [plugin visualizer] file-plus.js missing source map[39m[22m
@medusajs/icons:build: [1m[33m(!) [plugin visualizer] file.js missing source map[39m[22m
@medusajs/icons:build: [1m[33m(!) [plugin visualizer] fire-solid.js missing source map[39m[22m
@medusajs/icons:build: [1m[33m(!) [plugin visualizer] fire.js missing source map[39m[22m
@medusajs/icons:build: [1m[33m(!) [plugin visualizer] flag-mini.js missing source map[39m[22m
@medusajs/icons:build: [1m[33m(!) [plugin visualizer] floppy-disk.js missing source map[39m[22m
@medusajs/icons:build: [1m[33m(!) [plugin visualizer] flying-box.js missing source map[39m[22m
@medusajs/icons:build: [1m[33m(!) [plugin visualizer] focus.js missing source map[39m[22m
@medusajs/icons:build: [1m[33m(!) [plugin visualizer] folder-illustration.js missing source map[39m[22m
@medusajs/icons:build: [1m[33m(!) [plugin visualizer] folder-open-illustration.js missing source map[39m[22m
@medusajs/icons:build: [1m[33m(!) [plugin visualizer] folder-open.js missing source map[39m[22m
@medusajs/icons:build: [1m[33m(!) [plugin visualizer] folder.js missing source map[39m[22m
@medusajs/icons:build: [1m[33m(!) [plugin visualizer] forward-solid.js missing source map[39m[22m
@medusajs/icons:build: [1m[33m(!) [plugin visualizer] funnel-plus.js missing source map[39m[22m
@medusajs/icons:build: [1m[33m(!) [plugin visualizer] funnel.js missing source map[39m[22m
@medusajs/icons:build: [1m[33m(!) [plugin visualizer] gap.js missing source map[39m[22m
@medusajs/icons:build: [1m[33m(!) [plugin visualizer] gatsby-ex.js missing source map[39m[22m
@medusajs/icons:build: [1m[33m(!) [plugin visualizer] gatsby.js missing source map[39m[22m
@medusajs/icons:build: [1m[33m(!) [plugin visualizer] gauge-sparkle.js missing source map[39m[22m
@medusajs/icons:build: [1m[33m(!) [plugin visualizer] ghost-worried.js missing source map[39m[22m
@medusajs/icons:build: [1m[33m(!) [plugin visualizer] gift cards.js missing source map[39m[22m
@medusajs/icons:build: [1m[33m(!) [plugin visualizer] gift-solid.js missing source map[39m[22m
@medusajs/icons:build: [1m[33m(!) [plugin visualizer] gift.js missing source map[39m[22m
@medusajs/icons:build: [1m[33m(!) [plugin visualizer] github.js missing source map[39m[22m
@medusajs/icons:build: [1m[33m(!) [plugin visualizer] glasses.js missing source map[39m[22m
@medusajs/icons:build: [1m[33m(!) [plugin visualizer] globe-europe-solid.js missing source map[39m[22m
@medusajs/icons:build: [1m[33m(!) [plugin visualizer] globe-europe.js missing source map[39m[22m
@medusajs/icons:build: [1m[33m(!) [plugin visualizer] globe.js missing source map[39m[22m
@medusajs/icons:build: [1m[33m(!) [plugin visualizer] google.js missing source map[39m[22m
@medusajs/icons:build: [1m[33m(!) [plugin visualizer] grid-layout.js missing source map[39m[22m
@medusajs/icons:build: [1m[33m(!) [plugin visualizer] grid-list.js missing source map[39m[22m
@medusajs/icons:build: [1m[33m(!) [plugin visualizer] hand-truck.js missing source map[39m[22m
@medusajs/icons:build: [1m[33m(!) [plugin visualizer] hashtag.js missing source map[39m[22m
@medusajs/icons:build: [1m[33m(!) [plugin visualizer] heart-broken.js missing source map[39m[22m
@medusajs/icons:build: [1m[33m(!) [plugin visualizer] heart.js missing source map[39m[22m
@medusajs/icons:build: [1m[33m(!) [plugin visualizer] history.js missing source map[39m[22m
@medusajs/icons:build: [1m[33m(!) [plugin visualizer] house-star.js missing source map[39m[22m
@medusajs/icons:build: [1m[33m(!) [plugin visualizer] house.js missing source map[39m[22m
@medusajs/icons:build: [1m[33m(!) [plugin visualizer] id-badge.js missing source map[39m[22m
@medusajs/icons:build: [1m[33m(!) [plugin visualizer] image-sparkle.js missing source map[39m[22m
@medusajs/icons:build: [1m[33m(!) [plugin visualizer] image.js missing source map[39m[22m
@medusajs/icons:build: [1m[33m(!) [plugin visualizer] images.js missing source map[39m[22m
@medusajs/icons:build: [1m[33m(!) [plugin visualizer] inbox-solid.js missing source map[39m[22m
@medusajs/icons:build: [1m[33m(!) [plugin visualizer] information-circle-solid.js missing source map[39m[22m
@medusajs/icons:build: [1m[33m(!) [plugin visualizer] information-circle.js missing source map[39m[22m
@medusajs/icons:build: [1m[33m(!) [plugin visualizer] javascript-ex.js missing source map[39m[22m
@medusajs/icons:build: [1m[33m(!) [plugin visualizer] javascript.js missing source map[39m[22m
@medusajs/icons:build: [1m[33m(!) [plugin visualizer] key-solid.js missing source map[39m[22m
@medusajs/icons:build: [1m[33m(!) [plugin visualizer] key.js missing source map[39m[22m
@medusajs/icons:build: [1m[33m(!) [plugin visualizer] keyboard.js missing source map[39m[22m
@medusajs/icons:build: [1m[33m(!) [plugin visualizer] klarna-ex.js missing source map[39m[22m
@medusajs/icons:build: [1m[33m(!) [plugin visualizer] klarna.js missing source map[39m[22m
@medusajs/icons:build: [1m[33m(!) [plugin visualizer] klaviyo.js missing source map[39m[22m
@medusajs/icons:build: [1m[33m(!) [plugin visualizer] language.js missing source map[39m[22m
@medusajs/icons:build: [1m[33m(!) [plugin visualizer] laptop-mobile.js missing source map[39m[22m
@medusajs/icons:build: [1m[33m(!) [plugin visualizer] layers-3.js missing source map[39m[22m
@medusajs/icons:build: [1m[33m(!) [plugin visualizer] layout-bottom.js missing source map[39m[22m
@medusajs/icons:build: [1m[33m(!) [plugin visualizer] layout-left-right.js missing source map[39m[22m
@medusajs/icons:build: [1m[33m(!) [plugin visualizer] layout-left.js missing source map[39m[22m
@medusajs/icons:build: [1m[33m(!) [plugin visualizer] layout-right.js missing source map[39m[22m
@medusajs/icons:build: [1m[33m(!) [plugin visualizer] layout-top-bottom.js missing source map[39m[22m
@medusajs/icons:build: [1m[33m(!) [plugin visualizer] layout-top.js missing source map[39m[22m
@medusajs/icons:build: [1m[33m(!) [plugin visualizer] levels.js missing source map[39m[22m
@medusajs/icons:build: [1m[33m(!) [plugin visualizer] lifebuoy.js missing source map[39m[22m
@medusajs/icons:build: [1m[33m(!) [plugin visualizer] light-bulb-solid.js missing source map[39m[22m
@medusajs/icons:build: [1m[33m(!) [plugin visualizer] light-bulb.js missing source map[39m[22m
@medusajs/icons:build: [1m[33m(!) [plugin visualizer] linear.js missing source map[39m[22m
@medusajs/icons:build: [1m[33m(!) [plugin visualizer] link.js missing source map[39m[22m
@medusajs/icons:build: [1m[33m(!) [plugin visualizer] linkedin.js missing source map[39m[22m
@medusajs/icons:build: [1m[33m(!) [plugin visualizer] list-bullet.js missing source map[39m[22m
@medusajs/icons:build: [1m[33m(!) [plugin visualizer] list-checkbox.js missing source map[39m[22m
@medusajs/icons:build: [1m[33m(!) [plugin visualizer] list-tree.js missing source map[39m[22m
@medusajs/icons:build: [1m[33m(!) [plugin visualizer] loader.js missing source map[39m[22m
@medusajs/icons:build: [1m[33m(!) [plugin visualizer] lock-closed-solid-mini.js missing source map[39m[22m
@medusajs/icons:build: [1m[33m(!) [plugin visualizer] lock-closed-solid.js missing source map[39m[22m
@medusajs/icons:build: [1m[33m(!) [plugin visualizer] lock-open-solid.js missing source map[39m[22m
@medusajs/icons:build: [1m[33m(!) [plugin visualizer] magnifier-alert.js missing source map[39m[22m
@medusajs/icons:build: [1m[33m(!) [plugin visualizer] magnifying-glass-mini.js missing source map[39m[22m
@medusajs/icons:build: [1m[33m(!) [plugin visualizer] magnifying-glass.js missing source map[39m[22m
@medusajs/icons:build: [1m[33m(!) [plugin visualizer] mailbox.js missing source map[39m[22m
@medusajs/icons:build: [1m[33m(!) [plugin visualizer] map-pin.js missing source map[39m[22m
@medusajs/icons:build: [1m[33m(!) [plugin visualizer] map.js missing source map[39m[22m
@medusajs/icons:build: [1m[33m(!) [plugin visualizer] margin-bottom.js missing source map[39m[22m
@medusajs/icons:build: [1m[33m(!) [plugin visualizer] margin-left-right.js missing source map[39m[22m
@medusajs/icons:build: [1m[33m(!) [plugin visualizer] margin-left.js missing source map[39m[22m
@medusajs/icons:build: [1m[33m(!) [plugin visualizer] margin-right.js missing source map[39m[22m
@medusajs/icons:build: [1m[33m(!) [plugin visualizer] margin-top-bottom.js missing source map[39m[22m
@medusajs/icons:build: [1m[33m(!) [plugin visualizer] margin-top.js missing source map[39m[22m
@medusajs/icons:build: [1m[33m(!) [plugin visualizer] markdown-solid.js missing source map[39m[22m
@medusajs/icons:build: [1m[33m(!) [plugin visualizer] mastercard.js missing source map[39m[22m
@medusajs/icons:build: [1m[33m(!) [plugin visualizer] media-play.js missing source map[39m[22m
@medusajs/icons:build: [1m[33m(!) [plugin visualizer] media-stop-solid.js missing source map[39m[22m
@medusajs/icons:build: [1m[33m(!) [plugin visualizer] medusa.js missing source map[39m[22m
@medusajs/icons:build: [1m[33m(!) [plugin visualizer] meilisearch.js missing source map[39m[22m
@medusajs/icons:build: [1m[33m(!) [plugin visualizer] member-bronze-badge.js missing source map[39m[22m
@medusajs/icons:build: [1m[33m(!) [plugin visualizer] member-gold-badge.js missing source map[39m[22m
@medusajs/icons:build: [1m[33m(!) [plugin visualizer] member-silver-badge.js missing source map[39m[22m
@medusajs/icons:build: [1m[33m(!) [plugin visualizer] message-plus.js missing source map[39m[22m
@medusajs/icons:build: [1m[33m(!) [plugin visualizer] meta.js missing source map[39m[22m
@medusajs/icons:build: [1m[33m(!) [plugin visualizer] microchip.js missing source map[39m[22m
@medusajs/icons:build: [1m[33m(!) [plugin visualizer] minus-badge.js missing source map[39m[22m
@medusajs/icons:build: [1m[33m(!) [plugin visualizer] minus-circle.js missing source map[39m[22m
@medusajs/icons:build: [1m[33m(!) [plugin visualizer] minus-mini.js missing source map[39m[22m
@medusajs/icons:build: [1m[33m(!) [plugin visualizer] minus.js missing source map[39m[22m
@medusajs/icons:build: [1m[33m(!) [plugin visualizer] moon-solid.js missing source map[39m[22m
@medusajs/icons:build: [1m[33m(!) [plugin visualizer] moon.js missing source map[39m[22m
@medusajs/icons:build: [1m[33m(!) [plugin visualizer] newspaper.js missing source map[39m[22m
@medusajs/icons:build: [1m[33m(!) [plugin visualizer] next-js.js missing source map[39m[22m
@medusajs/icons:build: [1m[33m(!) [plugin visualizer] open-rect-arrow-out.js missing source map[39m[22m
@medusajs/icons:build: [1m[33m(!) [plugin visualizer] palette.js missing source map[39m[22m
@medusajs/icons:build: [1m[33m(!) [plugin visualizer] paper-clip.js missing source map[39m[22m
@medusajs/icons:build: [1m[33m(!) [plugin visualizer] paper-plane.js missing source map[39m[22m
@medusajs/icons:build: [1m[33m(!) [plugin visualizer] party.js missing source map[39m[22m
@medusajs/icons:build: [1m[33m(!) [plugin visualizer] pause-solid.js missing source map[39m[22m
@medusajs/icons:build: [1m[33m(!) [plugin visualizer] pause.js missing source map[39m[22m
@medusajs/icons:build: [1m[33m(!) [plugin visualizer] paypal.js missing source map[39m[22m
@medusajs/icons:build: [1m[33m(!) [plugin visualizer] payphone.js missing source map[39m[22m
@medusajs/icons:build: [1m[33m(!) [plugin visualizer] pen-plus.js missing source map[39m[22m
@medusajs/icons:build: [1m[33m(!) [plugin visualizer] pencil-square-solid.js missing source map[39m[22m
@medusajs/icons:build: [1m[33m(!) [plugin visualizer] pencil-square.js missing source map[39m[22m
@medusajs/icons:build: [1m[33m(!) [plugin visualizer] pencil.js missing source map[39m[22m
@medusajs/icons:build: [1m[33m(!) [plugin visualizer] phone.js missing source map[39m[22m
@medusajs/icons:build: [1m[33m(!) [plugin visualizer] photo-solid.js missing source map[39m[22m
@medusajs/icons:build: [1m[33m(!) [plugin visualizer] photo.js missing source map[39m[22m
@medusajs/icons:build: [1m[33m(!) [plugin visualizer] pin-tack-solid.js missing source map[39m[22m
@medusajs/icons:build: [1m[33m(!) [plugin visualizer] pin-tack.js missing source map[39m[22m
@medusajs/icons:build: [1m[33m(!) [plugin visualizer] play-mini-solid.js missing source map[39m[22m
@medusajs/icons:build: [1m[33m(!) [plugin visualizer] play-solid.js missing source map[39m[22m
@medusajs/icons:build: [1m[33m(!) [plugin visualizer] plug.js missing source map[39m[22m
@medusajs/icons:build: [1m[33m(!) [plugin visualizer] plus-mini.js missing source map[39m[22m
@medusajs/icons:build: [1m[33m(!) [plugin visualizer] plus.js missing source map[39m[22m
@medusajs/icons:build: [1m[33m(!) [plugin visualizer] pointer-circle-solid.js missing source map[39m[22m
@medusajs/icons:build: [1m[33m(!) [plugin visualizer] pointer.js missing source map[39m[22m
@medusajs/icons:build: [1m[33m(!) [plugin visualizer] progress-0.js missing source map[39m[22m
@medusajs/icons:build: [1m[33m(!) [plugin visualizer] progress-100.js missing source map[39m[22m
@medusajs/icons:build: [1m[33m(!) [plugin visualizer] progress-15.js missing source map[39m[22m
@medusajs/icons:build: [1m[33m(!) [plugin visualizer] progress-30.js missing source map[39m[22m
@medusajs/icons:build: [1m[33m(!) [plugin visualizer] progress-45.js missing source map[39m[22m
@medusajs/icons:build: [1m[33m(!) [plugin visualizer] progress-60.js missing source map[39m[22m
@medusajs/icons:build: [1m[33m(!) [plugin visualizer] progress-75.js missing source map[39m[22m
@medusajs/icons:build: [1m[33m(!) [plugin visualizer] progress-90.js missing source map[39m[22m
@medusajs/icons:build: [1m[33m(!) [plugin visualizer] puzzle-solid.js missing source map[39m[22m
@medusajs/icons:build: [1m[33m(!) [plugin visualizer] puzzle.js missing source map[39m[22m
@medusajs/icons:build: [1m[33m(!) [plugin visualizer] question-mark-circle.js missing source map[39m[22m
@medusajs/icons:build: [1m[33m(!) [plugin visualizer] question-mark.js missing source map[39m[22m
@medusajs/icons:build: [1m[33m(!) [plugin visualizer] queue-list.js missing source map[39m[22m
@medusajs/icons:build: [1m[33m(!) [plugin visualizer] queue-solid.js missing source map[39m[22m
@medusajs/icons:build: [1m[33m(!) [plugin visualizer] react-js-ex.js missing source map[39m[22m
@medusajs/icons:build: [1m[33m(!) [plugin visualizer] react-js.js missing source map[39m[22m
@medusajs/icons:build: [1m[33m(!) [plugin visualizer] receipt-percent.js missing source map[39m[22m
@medusajs/icons:build: [1m[33m(!) [plugin visualizer] receipt.js missing source map[39m[22m
@medusajs/icons:build: [1m[33m(!) [plugin visualizer] reduce.js missing source map[39m[22m
@medusajs/icons:build: [1m[33m(!) [plugin visualizer] rename.js missing source map[39m[22m
@medusajs/icons:build: [1m[33m(!) [plugin visualizer] replay-solid.js missing source map[39m[22m
@medusajs/icons:build: [1m[33m(!) [plugin visualizer] resend.js missing source map[39m[22m
@medusajs/icons:build: [1m[33m(!) [plugin visualizer] resize.js missing source map[39m[22m
@medusajs/icons:build: [1m[33m(!) [plugin visualizer] robot.js missing source map[39m[22m
@medusajs/icons:build: [1m[33m(!) [plugin visualizer] rocket-launch-solid.js missing source map[39m[22m
@medusajs/icons:build: [1m[33m(!) [plugin visualizer] rocket-launch.js missing source map[39m[22m
@medusajs/icons:build: [1m[33m(!) [plugin visualizer] rss.js missing source map[39m[22m
@medusajs/icons:build: [1m[33m(!) [plugin visualizer] sanity.js missing source map[39m[22m
@medusajs/icons:build: [1m[33m(!) [plugin visualizer] sap.js missing source map[39m[22m
@medusajs/icons:build: [1m[33m(!) [plugin visualizer] scan-text.js missing source map[39m[22m
@medusajs/icons:build: [1m[33m(!) [plugin visualizer] scan.js missing source map[39m[22m
@medusajs/icons:build: [1m[33m(!) [plugin visualizer] scroll-text.js missing source map[39m[22m
@medusajs/icons:build: [1m[33m(!) [plugin visualizer] sendgrid.js missing source map[39m[22m
@medusajs/icons:build: [1m[33m(!) [plugin visualizer] server-solid.js missing source map[39m[22m
@medusajs/icons:build: [1m[33m(!) [plugin visualizer] server-stack-solid.js missing source map[39m[22m
@medusajs/icons:build: [1m[33m(!) [plugin visualizer] server-stack.js missing source map[39m[22m
@medusajs/icons:build: [1m[33m(!) [plugin visualizer] server.js missing source map[39m[22m
@medusajs/icons:build: [1m[33m(!) [plugin visualizer] share.js missing source map[39m[22m
@medusajs/icons:build: [1m[33m(!) [plugin visualizer] shield-check.js missing source map[39m[22m
@medusajs/icons:build: [1m[33m(!) [plugin visualizer] shipbob.js missing source map[39m[22m
@medusajs/icons:build: [1m[33m(!) [plugin visualizer] shippo.js missing source map[39m[22m
@medusajs/icons:build: [1m[33m(!) [plugin visualizer] shopping-bag.js missing source map[39m[22m
@medusajs/icons:build: [1m[33m(!) [plugin visualizer] shopping-cart-solid.js missing source map[39m[22m
@medusajs/icons:build: [1m[33m(!) [plugin visualizer] shopping-cart.js missing source map[39m[22m
@medusajs/icons:build: [1m[33m(!) [plugin visualizer] shopping.js missing source map[39m[22m
@medusajs/icons:build: [1m[33m(!) [plugin visualizer] sidebar-left-filled.js missing source map[39m[22m
@medusajs/icons:build: [1m[33m(!) [plugin visualizer] sidebar-left.js missing source map[39m[22m
@medusajs/icons:build: [1m[33m(!) [plugin visualizer] sidebar-right-filled.js missing source map[39m[22m
@medusajs/icons:build: [1m[33m(!) [plugin visualizer] sidebar-right.js missing source map[39m[22m
@medusajs/icons:build: [1m[33m(!) [plugin visualizer] slack.js missing source map[39m[22m
@medusajs/icons:build: [1m[33m(!) [plugin visualizer] snooze.js missing source map[39m[22m
@medusajs/icons:build: [1m[33m(!) [plugin visualizer] sparkle-2-solid.js missing source map[39m[22m
@medusajs/icons:build: [1m[33m(!) [plugin visualizer] sparkles-mini-solid.js missing source map[39m[22m
@medusajs/icons:build: [1m[33m(!) [plugin visualizer] sparkles-mini.js missing source map[39m[22m
@medusajs/icons:build: [1m[33m(!) [plugin visualizer] sparkles-solid.js missing source map[39m[22m
@medusajs/icons:build: [1m[33m(!) [plugin visualizer] sparkles.js missing source map[39m[22m
@medusajs/icons:build: [1m[33m(!) [plugin visualizer] spinner.js missing source map[39m[22m
@medusajs/icons:build: [1m[33m(!) [plugin visualizer] square-blue-solid.js missing source map[39m[22m
@medusajs/icons:build: [1m[33m(!) [plugin visualizer] square-dashed-cursor.js missing source map[39m[22m
@medusajs/icons:build: [1m[33m(!) [plugin visualizer] square-green-solid.js missing source map[39m[22m
@medusajs/icons:build: [1m[33m(!) [plugin visualizer] square-grey-solid.js missing source map[39m[22m
@medusajs/icons:build: [1m[33m(!) [plugin visualizer] square-orange-solid.js missing source map[39m[22m
@medusajs/icons:build: [1m[33m(!) [plugin visualizer] square-purple-solid.js missing source map[39m[22m
@medusajs/icons:build: [1m[33m(!) [plugin visualizer] square-red-solid.js missing source map[39m[22m
@medusajs/icons:build: [1m[33m(!) [plugin visualizer] square-two-stack-mini.js missing source map[39m[22m
@medusajs/icons:build: [1m[33m(!) [plugin visualizer] square-two-stack-solid.js missing source map[39m[22m
@medusajs/icons:build: [1m[33m(!) [plugin visualizer] square-two-stack.js missing source map[39m[22m
@medusajs/icons:build: [1m[33m(!) [plugin visualizer] squares-plus-solid.js missing source map[39m[22m
@medusajs/icons:build: [1m[33m(!) [plugin visualizer] squares-plus.js missing source map[39m[22m
@medusajs/icons:build: [1m[33m(!) [plugin visualizer] stack-perspective.js missing source map[39m[22m
@medusajs/icons:build: [1m[33m(!) [plugin visualizer] star-solid.js missing source map[39m[22m
@medusajs/icons:build: [1m[33m(!) [plugin visualizer] star.js missing source map[39m[22m
@medusajs/icons:build: [1m[33m(!) [plugin visualizer] stop-circle-solid.js missing source map[39m[22m
@medusajs/icons:build: [1m[33m(!) [plugin visualizer] stopwatch.js missing source map[39m[22m
@medusajs/icons:build: [1m[33m(!) [plugin visualizer] store credits.js missing source map[39m[22m
@medusajs/icons:build: [1m[33m(!) [plugin visualizer] stripe.js missing source map[39m[22m
@medusajs/icons:build: [1m[33m(!) [plugin visualizer] sun-solid.js missing source map[39m[22m
@medusajs/icons:build: [1m[33m(!) [plugin visualizer] sun.js missing source map[39m[22m
@medusajs/icons:build: [1m[33m(!) [plugin visualizer] svelte.js missing source map[39m[22m
@medusajs/icons:build: [1m[33m(!) [plugin visualizer] swatch-solid.js missing source map[39m[22m
@medusajs/icons:build: [1m[33m(!) [plugin visualizer] swatch.js missing source map[39m[22m
@medusajs/icons:build: [1m[33m(!) [plugin visualizer] table-pen.js missing source map[39m[22m
@medusajs/icons:build: [1m[33m(!) [plugin visualizer] tablet.js missing source map[39m[22m
@medusajs/icons:build: [1m[33m(!) [plugin visualizer] tag-illustration.js missing source map[39m[22m
@medusajs/icons:build: [1m[33m(!) [plugin visualizer] tag-solid.js missing source map[39m[22m
@medusajs/icons:build: [1m[33m(!) [plugin visualizer] tag.js missing source map[39m[22m
@medusajs/icons:build: [1m[33m(!) [plugin visualizer] tailwind.js missing source map[39m[22m
@medusajs/icons:build: [1m[33m(!) [plugin visualizer] tanstack.js missing source map[39m[22m
@medusajs/icons:build: [1m[33m(!) [plugin visualizer] target.js missing source map[39m[22m
@medusajs/icons:build: [1m[33m(!) [plugin visualizer] tax-exclusive.js missing source map[39m[22m
@medusajs/icons:build: [1m[33m(!) [plugin visualizer] tax-inclusive.js missing source map[39m[22m
@medusajs/icons:build: [1m[33m(!) [plugin visualizer] telegram.js missing source map[39m[22m
@medusajs/icons:build: [1m[33m(!) [plugin visualizer] telescope-solid.js missing source map[39m[22m
@medusajs/icons:build: [1m[33m(!) [plugin visualizer] telescope.js missing source map[39m[22m
@medusajs/icons:build: [1m[33m(!) [plugin visualizer] text-highlight.js missing source map[39m[22m
@medusajs/icons:build: [1m[33m(!) [plugin visualizer] text.js missing source map[39m[22m
@medusajs/icons:build: [1m[33m(!) [plugin visualizer] thumb-down.js missing source map[39m[22m
@medusajs/icons:build: [1m[33m(!) [plugin visualizer] thumb-up.js missing source map[39m[22m
@medusajs/icons:build: [1m[33m(!) [plugin visualizer] thumbnail-badge.js missing source map[39m[22m
@medusajs/icons:build: [1m[33m(!) [plugin visualizer] timeline-vertical.js missing source map[39m[22m
@medusajs/icons:build: [1m[33m(!) [plugin visualizer] tools-solid.js missing source map[39m[22m
@medusajs/icons:build: [1m[33m(!) [plugin visualizer] tools.js missing source map[39m[22m
@medusajs/icons:build: [1m[33m(!) [plugin visualizer] top-to-bottom.js missing source map[39m[22m
@medusajs/icons:build: [1m[33m(!) [plugin visualizer] trash.js missing source map[39m[22m
@medusajs/icons:build: [1m[33m(!) [plugin visualizer] triangle-down-mini.js missing source map[39m[22m
@medusajs/icons:build: [1m[33m(!) [plugin visualizer] triangle-left-mini.js missing source map[39m[22m
@medusajs/icons:build: [1m[33m(!) [plugin visualizer] triangle-right-mini-hover.js missing source map[39m[22m
@medusajs/icons:build: [1m[33m(!) [plugin visualizer] triangle-right-mini.js missing source map[39m[22m
@medusajs/icons:build: [1m[33m(!) [plugin visualizer] triangle-up-mini.js missing source map[39m[22m
@medusajs/icons:build: [1m[33m(!) [plugin visualizer] triangles-mini.js missing source map[39m[22m
@medusajs/icons:build: [1m[33m(!) [plugin visualizer] trophy.js missing source map[39m[22m
@medusajs/icons:build: [1m[33m(!) [plugin visualizer] truck-fast.js missing source map[39m[22m
@medusajs/icons:build: [1m[33m(!) [plugin visualizer] typescript-ex.js missing source map[39m[22m
@medusajs/icons:build: [1m[33m(!) [plugin visualizer] typescript.js missing source map[39m[22m
@medusajs/icons:build: [1m[33m(!) [plugin visualizer] typography.js missing source map[39m[22m
@medusajs/icons:build: [1m[33m(!) [plugin visualizer] unfold.js missing source map[39m[22m
@medusajs/icons:build: [1m[33m(!) [plugin visualizer] user-group.js missing source map[39m[22m
@medusajs/icons:build: [1m[33m(!) [plugin visualizer] user-mini.js missing source map[39m[22m
@medusajs/icons:build: [1m[33m(!) [plugin visualizer] user.js missing source map[39m[22m
@medusajs/icons:build: [1m[33m(!) [plugin visualizer] users-solid.js missing source map[39m[22m
@medusajs/icons:build: [1m[33m(!) [plugin visualizer] users.js missing source map[39m[22m
@medusajs/icons:build: [1m[33m(!) [plugin visualizer] variable.js missing source map[39m[22m
@medusajs/icons:build: [1m[33m(!) [plugin visualizer] vercel.js missing source map[39m[22m
@medusajs/icons:build: [1m[33m(!) [plugin visualizer] verified-badge.js missing source map[39m[22m
@medusajs/icons:build: [1m[33m(!) [plugin visualizer] visa.js missing source map[39m[22m
@medusajs/icons:build: [1m[33m(!) [plugin visualizer] vite.js missing source map[39m[22m
@medusajs/icons:build: [1m[33m(!) [plugin visualizer] wand-sparkle.js missing source map[39m[22m
@medusajs/icons:build: [1m[33m(!) [plugin visualizer] webshipper.js missing source map[39m[22m
@medusajs/icons:build: [1m[33m(!) [plugin visualizer] window.js missing source map[39m[22m
@medusajs/icons:build: [1m[33m(!) [plugin visualizer] wish lists.js missing source map[39m[22m
@medusajs/icons:build: [1m[33m(!) [plugin visualizer] wrench.js missing source map[39m[22m
@medusajs/icons:build: [1m[33m(!) [plugin visualizer] x-circle-solid.js missing source map[39m[22m
@medusajs/icons:build: [1m[33m(!) [plugin visualizer] x-circle.js missing source map[39m[22m
@medusajs/icons:build: [1m[33m(!) [plugin visualizer] x-mark-mini.js missing source map[39m[22m
@medusajs/icons:build: [1m[33m(!) [plugin visualizer] x-mark.js missing source map[39m[22m
@medusajs/icons:build: [1m[33m(!) [plugin visualizer] x.js missing source map[39m[22m
@medusajs/icons:build: [32mcreated [1mdist/esm[22m in [1m6.4s[22m[39m
@medusajs/ui:build: cache hit, replaying logs 9d0c31146a270f91
@medusajs/ui:build: 
@medusajs/types:build: cache hit, replaying logs 060f74f8fa1bba3e
@medusajs/types:build: 
@medusajs/js-sdk:build: cache hit, replaying logs 90f04a518d33651b
@medusajs/js-sdk:build: 
@medusajs/dashboard:build: cache miss, executing 3b5b57c6241dca4a
@medusajs/utils:build: cache hit, replaying logs 075df1997d09dc32
@medusajs/utils:build: 
@medusajs/cli:build: cache hit, replaying logs 652ec2c3ceeda8b9
@medusajs/cli:build: 
@medusajs/orchestration:build: cache hit, replaying logs 1099ee08b13085ca
@medusajs/orchestration:build: 
@medusajs/modules-sdk:build: cache hit, replaying logs 57f5f04f6d7dcbd5
@medusajs/modules-sdk:build: 
@medusajs/workflows-sdk:build: cache hit, replaying logs a7d919c62fa03477
@medusajs/workflows-sdk:build: 
@medusajs/framework:build: cache hit, replaying logs 0776174de6faca97
@medusajs/framework:build: 
@medusajs/file-local:build: cache miss, executing 18481b5f00eedd68
@medusajs/file-s3:build: cache miss, executing 45fc29ddfda56114
@medusajs/cache-redis:build: cache miss, executing f206784cb321953a
@medusajs/caching-redis:build: cache miss, executing 070871466d7494f9
@medusajs/payment-stripe:build: cache miss, executing bbe4d2e9b71acafe
@medusajs/auth-emailpass:build: cache miss, executing 2ca1b9d2bd5a867a
@medusajs/analytics-posthog:build: cache miss, executing cbebd7356bf76d11
@medusajs/core-flows:build: cache miss, executing 869eebadb10f2b12
@medusajs/auth-google:build: cache miss, executing e480d1ebf7777fef
@medusajs/analytics-local:build: cache miss, executing 934eb7f7320d74ab
@medusajs/event-bus-local:build: cache miss, executing 36704daac7466484
@medusajs/dashboard:build: ERROR: command finished with error: command (/home/abhishek/oss/medusa/packages/admin/dashboard) /tmp/xfs-1fb4cb3f/yarn run build exited (1)
@medusajs/notification-sendgrid:build: cache miss, executing 350228649814cd7a
@medusajs/cache-inmemory:build: cache miss, executing f911ddfb10a5ffc2
@medusajs/notification-local:build: cache miss, executing d3d8dadb5a45d1b2
@medusajs/fulfillment-manual:build: cache miss, executing 5f6f2ab5b4752402
@medusajs/auth-github:build: cache miss, executing ede6d956fcee98f7
@medusajs/locking-postgres:build: cache miss, executing 3ffc1d593f232acf
@medusajs/event-bus-redis:build: cache miss, executing f3a64883831ab4c6
@medusajs/locking-redis:build: cache miss, executing d0a2486a28c37734
@medusajs/dashboard#build: command (/home/abhishek/oss/medusa/packages/admin/dashboard) /tmp/xfs-1fb4cb3f/yarn run build exited (1)

 Tasks:    21 successful, 41 total
Cached:    21 cached, 41 total
  Time:    1m9.776s 
Failed:    @medusajs/dashboard#build

 ERROR  run failed: command  exited (1)
